Primary Category,Secondary Category,Tertiary Category,
Dog,Flea and Tick,Advantage,
Dog,Flea and Tick,Advantage,
Dog,Flea and Tick,Advantage,
Dog,Flea and Tick,Advantage,
Cat,Flea and Tick,Advantage,
Cat,Flea and Tick,Advantage,
Cat,Flea and Tick,Advantage,
Cat,Flea and Tick,Advantage,
Dog,Flea and Tick,Advantage,
Dog,Flea and Tick,Advantage,
Dog,Flea and Tick,Advantage,
Dog,Flea and Tick,Advantage,
Dog,Flea and Tick,Advantix,
Dog,Flea and Tick,Advantix,
Dog,Flea and Tick,Advantix,
Dog,Flea and Tick,Advantix,
Dog,Flea and Tick,Advantix,
Dog,Flea and Tick,Advantix,
Dog,Flea and Tick,Advantix,
Dog,Flea and Tick,Advantix,
Dog,Toys,Interactive,
Dog,Toys,Interactive,
Cat,Toys,Interactive,
Dog,Beds,Heated Beds,
Dog,Beds,Cooling Beds,
Dog,Houses,Accessories,
Dog,Houses,Accessories,
Dog,Houses,Accessories,
Dog,Houses,Accessories,
Dog,Houses,Accessories,
Dog,Grooming,Brushes,
Dog,Collars and Leashes,Tie-Out Stakes,
Dog,Collars and Leashes,Collars,
Dog,Collars and Leashes,Leashes,
Dog,Collars and Leashes,Leashes,
Dog,Memorials,Memorials,
Dog,Feeding and Watering,Automatic Feeding and Watering,
Dog,Feeding and Watering,Automatic Feeding and Watering,
Dog,Feeding and Watering,Food Storage,
Dog,Feeding and Watering,Food Storage,
Dog,Feeding and Watering,Food Storage,
Dog,Feeding and Watering,Food Storage,
Dog,Feeding and Watering,Food Storage,
Dog,Feeding and Watering,Food Storage,
Dog,Feeding and Watering,Food Storage,
Dog,Feeding and Watering,Feeding and Watering,
Dog,Feeding and Watering,Automatic Feeding and Watering,
Dog,Feeding and Watering,Automatic Feeding and Watering,
Dog,Feeding and Watering,Automatic Feeding and Watering,
Dog,Feeding and Watering,Automatic Feeding and Watering,
Dog,Feeding and Watering,Automatic Feeding and Watering,
Dog,Feeding and Watering,Automatic Feeding and Watering,
Dog,Feeding and Watering,Bowls,
Dog,Feeding and Watering,Automatic Feeding and Watering,
Cat,Toys,Interactive,
Cat,Litter Boxes,Litter Boxes,
Cat,Toys,Interactive,
Cat,Toys,Interactive,
Cat,Toys,Interactive,
Dog,Feeding and Watering,Elevated Feeding,
Dog,Feeding and Watering,Elevated Feeding,
Dog,Travel,Vehicle Barriers,
Dog,Feeding and Watering,Elevated Feeding,
Cat,Toys,Interactive,
Dog,Travel,Restraints,
Dog,Travel,Restraints,
Dog,Travel,Restraints,
Dog,Travel,Restraints,
Dog,Travel,Restraints,
Dog,Travel,Restraints,
Dog,Travel,Restraints,
Cat,Toys,Interactive,
Cat,Toys,Interactive,
Cat,Toys,Interactive,
Dog,Collars and Leashes,Collars,
Dog,Collars and Leashes,Collars,
Dog,Collars and Leashes,Collars,
Cat,Toys,Interactive,
Dog,Travel,Carriers,
Dog,Travel,Carriers,
Dog,Travel,Carriers,
Dog,Travel,Carriers,
Dog,Travel,Carriers,
Dog,Travel,Carriers,
Dog,Travel,Carriers,
Dog,Travel,Carriers,
Dog,Travel,Carriers,
Dog,Travel,Carriers,
Dog,Travel,Carriers,
Dog,Travel,Carriers,
Dog,Travel,Carriers,
Dog,Travel,Carriers,
Dog,Travel,Carriers,
Dog,Travel,Carriers,
Dog,Travel,Carriers,
Dog,Travel,Carriers,
Dog,Travel,Carriers,
Dog,Travel,Carriers,
Small Pet,Habitat,Habitat,
Small Pet,Habitat,Accessories,
Small Pet,Habitat,Habitat,
Small Pet,Habitat,Habitat,
Small Pet,Habitat,Accessories,
Fish,Habitat,Accessories,
Fish,Habitat,Accessories,
Small Pet,Habitat,Accessories,
Small Pet,Habitat,Accessories,
Small Pet,Habitat,Accessories,
Fish,Habitat,Habitat,
Fish,Habitat,Habitat,
Fish,Habitat,Habitat,
Fish,Habitat,Habitat,
Fish,Habitat,Habitat,
Fish,Habitat,Habitat,
Small Pet,Habitat,Habitat,
Small Pet,Habitat,Habitat,
Small Pet,Habitat,Habitat,
Small Pet,Habitat,Habitat,
Bird,Habitat,Habitat,
Small Pet,Habitat,Accessories,
Small Pet,Habitat,Accessories,
Small Pet,Habitat,Habitat,
Small Pet,Habitat,Habitat,
Small Pet,Habitat,Habitat,
Small Pet,Habitat,Habitat,
Small Pet,Habitat,Habitat,
Small Pet,Habitat,Habitat,
Small Pet,Habitat,Habitat,
Fish,Habitat,Accessories,
Small Pet,Habitat,Habitat,
Small Pet,Habitat,Habitat,
Small Pet,Habitat,Accessories,
Fish,Habitat,Accessories,
Fish,Habitat,Accessories,
Fish,Habitat,Accessories,
Small Pet,Habitat,Accessories,
Fish,Habitat,Accessories,
Fish,Habitat,Accessories,
Fish,Habitat,Accessories,
Fish,Habitat,Accessories,
Fish,Habitat,Accessories,
Fish,Habitat,Accessories,
Fish,Habitat,Accessories,
Fish,Habitat,Accessories,
Fish,Habitat,Accessories,
Fish,Habitat,Accessories,
Fish,Habitat,Accessories,
Fish,Habitat,Accessories,
Small Pet,Habitat,Accessories,
Small Pet,Habitat,Accessories,
Fish,Habitat,Accessories,
Small Pet,Habitat,Accessories,
Small Pet,Habitat,Accessories,
Small Pet,Habitat,Accessories,
Small Pet,Habitat,Accessories,
Fish,Habitat,Accessories,
Small Pet,Habitat,Accessories,
Small Pet,Habitat,Accessories,
Small Pet,Habitat,Accessories,
Small Pet,Habitat,Accessories,
Small Pet,Habitat,Accessories,
Small Pet,Habitat,Accessories,
Small Pet,Habitat,Accessories,
Fish,Habitat,Accessories,
Fish,Habitat,Accessories,
Fish,Habitat,Accessories,
Small Pet,Habitat,Accessories,
Small Pet,Habitat,Accessories,
Small Pet,Habitat,Accessories,
Small Pet,Habitat,Accessories,
Small Pet,Habitat,Accessories,
Small Pet,Habitat,Accessories,
Small Pet,Habitat,Accessories,
Small Pet,Habitat,Accessories,
Small Pet,Habitat,Accessories,
Small Pet,Habitat,Accessories,
Small Pet,Habitat,Accessories,
Small Pet,Habitat,Accessories,
Small Pet,Habitat,Accessories,
Small Pet,Habitat,Accessories,
Fish,Habitat,Accessories,
Fish,Habitat,Accessories,
Small Pet,Habitat,Accessories,
Small Pet,Habitat,Accessories,
Small Pet,Habitat,Accessories,
Small Pet,Habitat,Accessories,
Small Pet,Habitat,Accessories,
Small Pet,Habitat,Accessories,
Dog,Wellness,Bandage,
Dog,Wellness,Bandage,
Dog,Wellness,Bandage,
Dog,Wellness,Bandage,
Dog,Wellness,Bandage,
Dog,Wellness,Bandage,
Dog,Wellness,Bandage,
Dog,Wellness,Bandage,
Dog,Wellness,Bandage,
Dog,Wellness,Shoes,
Dog,Wellness,Shoes,
Dog,Wellness,Shoes,
Dog,Wellness,Shoes,
Dog,Wellness,Shoes,
Dog,Wellness,Shoes,
Dog,Wellness,Shoes,
Dog,Wellness,Bandage,
Dog,Wellness,Bandage,
Dog,House Breaking,Training Pads,
Dog,House Breaking,Training Pads,
Dog,House Breaking,Training Pads,
Cat,Litter Boxes,Accessories,
Dog,GPS Tracking,Accessories,
Dog,GPS Tracking,Accessories,
Dog,GPS Tracking,Accessories,
Dog,GPS Tracking,Accessories,
Dog,GPS Tracking,Accessories,
Dog,GPS Tracking,Accessories,
Dog,GPS Tracking,Accessories,
Dog,GPS Tracking,Accessories,
Dog,GPS Tracking,Accessories,
Dog,GPS Tracking,Accessories,
Dog,GPS Tracking,Accessories,
Dog,GPS Tracking,Accessories,
Dog,GPS Tracking,Accessories,
Dog,GPS Tracking,Accessories,
Dog,GPS Tracking,Accessories,
Dog,GPS Tracking,Accessories,
Dog,GPS Tracking,Accessories,
Dog,GPS Tracking,Accessories,
Dog,GPS Tracking,Accessories,
Dog,GPS Tracking,Accessories,
Dog,GPS Tracking,Accessories,
Dog,GPS Tracking,Accessories,
Dog,GPS Tracking,Accessories,
Dog,GPS Tracking,Accessories,
Dog,GPS Tracking,Accessories,
Dog,GPS Tracking,Accessories,
Dog,GPS Tracking,Accessories,
Dog,GPS Tracking,Accessories,
Dog,GPS Tracking,Accessories,
Dog,GPS Tracking,Accessories,
Dog,GPS Tracking,Accessories,
Dog,GPS Tracking,Accessories,
Dog,GPS Tracking,Accessories,
Dog,GPS Tracking,Accessories,
Dog,GPS Tracking,Accessories,
Dog,GPS Tracking,Accessories,
Dog,GPS Tracking,Accessories,
Dog,GPS Tracking,Accessories,
Dog,GPS Tracking,Accessories,
Dog,GPS Tracking,Accessories,
Dog,GPS Tracking,Accessories,
Dog,GPS Tracking,Accessories,
Dog,Grooming,Bathing,
Dog,Gates,Wall Mounted,
Dog,Gates,Wall Mounted,
Dog,Gates,Wall Mounted,
Dog,Gates,Wall Mounted,
Dog,Gates,Wall Mounted,
Dog,Gates,Wall Mounted,
Dog,Gates,Wall Mounted,
Dog,Gates,Wall Mounted,
Dog,Gates,Wall Mounted,
Dog,Gates,Pressure Mounted,
Dog,Gates,Wall Mounted,
Dog,Gates,Wall Mounted,
Dog,Gates,Wall Mounted,
Dog,Gates,Wall Mounted,
Dog,Gates,Free Standing,
Dog,Gates,Pressure Mounted,
Dog,Gates,Pressure Mounted,
Dog,Gates,Pressure Mounted,
Dog,Gates,Pressure Mounted,
Dog,Gates,Pressure Mounted,
Dog,Gates,Pressure Mounted,
Dog,Gates,Pressure Mounted,
Dog,Gates,Pressure Mounted,
Dog,Gates,Pressure Mounted,
Dog,Gates,Pressure Mounted,
Dog,Gates,Pressure Mounted,
Dog,Gates,Free Standing,
Dog,Gates,Free Standing,
Dog,Gates,Free Standing,
Dog,Gates,Free Standing,
Dog,Gates,Free Standing,
Dog,Gates,Free Standing,
Dog,Gates,Free Standing,
Dog,Gates,Free Standing,
Dog,Gates,Wall Mounted,
Dog,Gates,Wall Mounted,
Dog,Gates,Wall Mounted,
Dog,Gates,Wall Mounted,
Dog,Gates,Wall Mounted,
Dog,Gates,Wall Mounted,
Dog,Gates,Wall Mounted,
Dog,Gates,Wall Mounted,
Dog,Gates,Wall Mounted,
Dog,Gates,Wall Mounted,
Dog,Gates,Wall Mounted,
Dog,Gates,Wall Mounted,
Dog,Gates,Wall Mounted,
Dog,Gates,Wall Mounted,
Dog,Gates,Wall Mounted,
Dog,Gates,Wall Mounted,
Dog,Gates,Wall Mounted,
Dog,Gates,Wall Mounted,
Dog,Gates,Free Standing,
Dog,Gates,Free Standing,
Dog,Gates,Pressure Mounted,
Dog,Gates,Pressure Mounted,
Dog,Gates,Pressure Mounted,
Dog,Gates,Pressure Mounted,
Dog,Gates,Pressure Mounted,
Dog,Gates,Pressure Mounted,
Dog,Gates,Pressure Mounted,
Dog,Gates,Pressure Mounted,
Cat,Toys,Interactive,
Cat,Toys,Interactive,
Cat,Toys,Catnip,
Cat,Toys,Interactive,
Cat,Toys,Interactive,
Dog,Collars and Leashes,Collars,
Dog,Collars and Leashes,Collars,
Dog,Collars and Leashes,Collars,
Dog,Collars and Leashes,Collars,
Dog,Collars and Leashes,Collars,
Dog,Collars and Leashes,Collars,
Dog,Toys,Interactive,
Dog,Wellness,Behavioral Aid,
Dog,Wellness,Behavioral Aid,
Dog,Wellness,Behavioral Aid,
Dog,Wellness,Behavioral Aid,
Cat,Containment,Spray Deterrent,
Small Pet,Containment,Deterrent,
Dog,Feeding and Watering,Bowls,
Dog,Wellness,Cooling Bandanas and Jackets,
Dog,Wellness,Cooling Bandanas and Jackets,
Dog,Wellness,Cooling Bandanas and Jackets,
Dog,Containment Systems,Wireless Fence,
Dog,Containment Systems,Accessories,
Dog,Sporting Dog,Dummies,
Dog,Sporting Dog,Dummies,
Dog,Sporting Dog,Bird Launchers,
Dog,Sporting Dog,Bird Launchers,
Dog,Sporting Dog,Bird Launchers,
Dog,Sporting Dog,Dummies,
Dog,Sporting Dog,Dummies,
Dog,Sporting Dog,Bird Launchers,
Dog,Sporting Dog,Bird Launchers,
Dog,Sporting Dog,Bird Launchers,
Dog,Bark Control,Static Bark Control,
Dog,Training,Accessories,
Dog,Training,Accessories,
Dog,Training,Accessories,
Dog,Bark Control,Static Bark Control,
Dog,Sporting Dog,Dummies,
Dog,Sporting Dog,Dummies,
Dog,Sporting Dog,Dummies,
Dog,Sporting Dog,Dummies,
Dog,Sporting Dog,Dummies,
Dog,Sporting Dog,Dummies,
Dog,Sporting Dog,Dummies,
Dog,Sporting Dog,Dummies,
Dog,Sporting Dog,Bird Launchers,
Dog,Sporting Dog,Bird Launchers,
Dog,Sporting Dog,Bird Launchers,
Dog,Sporting Dog,Bird Launchers,
Dog,Sporting Dog,Beeper Collars,
Dog,Sporting Dog,Beeper Collars,
Dog,Sporting Dog,Training DVDs,
Dog,Sporting Dog,Training DVDs,
Dog,Sporting Dog,Training DVDs,
Dog,Training,Static Remote Trainers,
Dog,Training,Static Remote Trainers,
Dog,Training,Static Remote Trainers,
Dog,Training,Static Remote Trainers,
Dog,Training,Accessories,
Dog,Training,Accessories,
Dog,Training,Accessories,
Dog,Training,Accessories,
Dog,Training,Accessories,
Dog,Training,Accessories,
Dog,Training,Static Remote Trainers,
Dog,Sporting Dog,Dummies,
Dog,Sporting Dog,Dummies,
Dog,Sporting Dog,Dummies,
Dog,Sporting Dog,Dummies,
Dog,Training,Static Remote Trainers,
Dog,Training,Accessories,
Dog,Training,Accessories,
Dog,Training,Accessories,
Dog,Training,Static Remote Trainers,
Dog,Training,Accessories,
Dog,Training,Static Remote Trainers,
Dog,Training,Accessories,
Dog,Training,Accessories,
Dog,Training,Accessories,
Dog,Sporting Dog,Bird Launchers,
Dog,Sporting Dog,Dummies,
Dog,Sporting Dog,Dummies,
Dog,Sporting Dog,Dummies,
Dog,Training,Static Remote Trainers,
Dog,Training,Static Remote Trainers,
Dog,Training,Static Remote Trainers,
Dog,Training,Static Remote Trainers,
Dog,Bark Control,Static Bark Control,
Dog,Wellness,Goggles,
Dog,Wellness,Goggles,
Dog,Wellness,Goggles,
Dog,Wellness,Goggles,
Dog,Wellness,Goggles,
Dog,Wellness,Goggles,
Dog,Wellness,Goggles,
Dog,Wellness,Goggles,
Dog,Wellness,Goggles,
Dog,Wellness,Goggles,
Dog,Wellness,Goggles,
Dog,Wellness,Goggles,
Dog,Wellness,Goggles,
Dog,Wellness,Goggles,
Dog,Wellness,Goggles,
Dog,Wellness,Goggles,
Dog,Wellness,Goggles,
Dog,Wellness,Goggles,
Dog,Wellness,Goggles,
Dog,Wellness,Goggles,
Dog,Wellness,Goggles,
Dog,Wellness,Goggles,
Dog,Wellness,Goggles,
Dog,Wellness,Goggles,
Dog,Wellness,Goggles,
Dog,Wellness,Goggles,
Dog,Wellness,Goggles,
Dog,Collars and Leashes,Harnesses,
Dog,Collars and Leashes,Harnesses,
Dog,Collars and Leashes,Harnesses,
Dog,Collars and Leashes,Harnesses,
Dog,Collars and Leashes,Harnesses,
Dog,Collars and Leashes,Harnesses,
Dog,Grooming,Skin and Coat Care,
Dog,Collars and Leashes,Leashes,
Dog,Grooming,Bathing,
Dog,Wellness,Behavioral Aid,
Dog,Wellness,Behavioral Aid,
Dog,Training,Accessories,
Dog,Training,Accessories,
Dog,Training,Accessories,
Dog,Training,Accessories,
Dog,Training,Accessories,
Dog,Training,Accessories,
Dog,Training,Accessories,
Dog,Training,Accessories,
Dog,Training,Accessories,
Dog,Training,Accessories,
Dog,Training,Accessories,
Dog,Training,Accessories,
Dog,Training,Accessories,
Dog,Training,Accessories,
Dog,Training,Accessories,
Dog,Training,Accessories,
Dog,Training,Accessories,
Dog,Training,Accessories,
Dog,Training,Accessories,
Dog,Training,Accessories,
Dog,Training,Accessories,
Dog,Training,Accessories,
Dog,Training,Accessories,
Dog,Training,Accessories,
Dog,Training,Accessories,
Dog,Training,Accessories,
Dog,Training,Accessories,
Dog,Training,Accessories,
Dog,Training,Accessories,
Dog,Training,Accessories,
Dog,Training,Accessories,
Dog,Training,Accessories,
Dog,Training,Accessories,
Dog,Training,Accessories,
Dog,Training,Accessories,
Dog,Training,Static Remote Trainers,
Dog,Training,Static Remote Trainers,
Dog,Training,Static Remote Trainers,
Dog,Training,Static Remote Trainers,
Dog,Training,Static Remote Trainers,
Dog,Training,Static Remote Trainers,
Dog,Training,Static Remote Trainers,
Dog,Training,Static Remote Trainers,
Dog,Training,Static Remote Trainers,
Dog,Training,Static Remote Trainers,
Dog,Training,Static Remote Trainers,
Dog,Training,Static Remote Trainers,
Dog,Training,Static Remote Trainers,
Dog,Training,Static Remote Trainers,
Dog,Training,Accessories,
Dog,Training,Accessories,
Dog,Training,Accessories,
Dog,Training,Accessories,
Dog,Training,Accessories,
Dog,Training,Accessories,
Dog,Training,Accessories,
Dog,Training,Accessories,
Dog,Training,Accessories,
Dog,Training,Accessories,
Dog,Training,Accessories,
Dog,Training,Accessories,
Dog,Training,Accessories,
Dog,Training,Accessories,
Dog,Training,Accessories,
Dog,Training,Accessories,
Dog,Training,Accessories,
Dog,Training,Accessories,
Dog,Training,Accessories,
Dog,Training,Accessories,
Dog,Training,Static Remote Trainers,
Dog,Training,Static Remote Trainers,
Dog,Training,Accessories,
Dog,Training,Accessories,
Dog,Training,Accessories,
Dog,Training,Accessories,
Dog,Training,Accessories,
Dog,Training,Accessories,
Dog,Training,Accessories,
Dog,Containment Systems,In-Ground Fences,
Dog,Containment Systems,Accessories,
Dog,Bark Control,Static Bark Control,
Dog,Bark Control,Static Bark Control,
Dog,Bark Control,Static Bark Control,
Dog,Bark Control,Static Bark Control,
Dog,Training,Static Remote Trainers,
Dog,Training,Static Remote Trainers,
Dog,Training,Accessories,
Dog,Sporting Dog,Bird Launchers,
Dog,Sporting Dog,Bird Launchers,
Dog,Sporting Dog,Bird Launchers,
Dog,Sporting Dog,Bird Launchers,
Dog,Sporting Dog,Bird Launchers,
Dog,Sporting Dog,Bird Launchers,
Dog,Bark Control,Static Bark Control,
Dog,Bark Control,Static Bark Control,
Dog,Crates,Accessories,
Dog,Crates,Accessories,
Dog,Feeding and Watering,Automatic Feeding and Watering,
Dog,Feeding and Watering,Automatic Feeding and Watering,
Dog,Feeding and Watering,Automatic Feeding and Watering,
Dog,Feeding and Watering,Automatic Feeding and Watering,
Dog,Feeding and Watering,Automatic Feeding and Watering,
Small Pet,Feeding and Watering,Automatic Feeding and Watering,
Dog,Feeding and Watering,Automatic Feeding and Watering,
Dog,Pet Video Camera,Pet Video Camera,
Cat,Pet Video Camera,Pet Video Camera,
Dog,Bark Control,Ultrasonic / Vibration,
Dog,Pet Video Camera,Pet Video Camera,
Dog,Feeding and Watering,Bowl,
Dog,Feeding and Watering,Bowl,
Dog,Pet Video Camera,Pet Video Camera,
Dog,Bark Control,Ultrasonic,
Dog,Feeding and Watering,Automatic Feeding and Watering,
Dog,Grooming,Skin and Coat Care,
Dog,Bark Control,Static Bark Control,
Dog,Bark Control,Static Bark Control,
Dog,Bark Control,Static Bark Control,
Dog,Bark Control,Spray Bark Control,
Dog,Contianment Systems,In-Ground Fences,
Dog,Contianment Systems,In-Ground Fences,
Dog,Contianment Systems,Accessories,
Dog,Training,Static Remote Trainers,
Dog,Training,Static Remote Trainers,
Dog,Training,Static Remote Trainers,
Dog,Training,Accessories,
Dog,House Breaking,Indoor and Outdoor Repellent,
Dog,Feeding and Watering,Automatic Feeding and Watering,
Dog,Feeding and Watering,Bowl,
Dog,Feeding and Watering,Bowl,
Dog,Bark Control,Static Bark Control,
Dog,Bark Control,Spray Bark Control,
Dog,Bark Control,Spray Bark Control,
Dog,Bark Control,Spray Bark Control,
Dog,Bark Control,Spray Bark Control,
Dog,Bark Control,Spray Bark Control,
Dog,Collars and Leashes,Leashes,
Dog,Collars and Leashes,Leashes,
Dog,Flea and Tick,Frontline,
Dog,Flea and Tick,Frontline,
Dog,Flea and Tick,Frontline,
Dog,Flea and Tick,Frontline,
Dog,Flea and Tick,Frontline,
Dog,Flea and Tick,Frontline,
Dog,Flea and Tick,Frontline,
Dog,Flea and Tick,Frontline,
Cat,Flea and Tick,Frontline,
Cat,Flea and Tick,Frontline,
Dog,GPS Tracking,GPS Tracking,
Dog,GPS Tracking,GPS Tracking,
Dog,GPS Tracking,GPS Tracking,
Dog,GPS Tracking,GPS Tracking,
Dog,GPS Tracking,GPS Tracking,
Dog,GPS Tracking,GPS Tracking,
Dog,Training,Static Remote Trainers,
Dog,Sporting Dog,Beeper Collars,
Dog,Sporting Dog,Beeper Collars,
Dog,Bark Control,Static Bark Control,
Dog,Bark Control,Static Bark Control,
Dog,GPS Tracking,Accessories,
Dog,Training,Static Remote Trainers,
Dog,Training,Accessories,
Dog,Training,Static Remote Trainers,
Dog,Training,Accessories,
Dog,Training,Static Remote Trainers,
Dog,Training,Accessories,
Dog,Training,Static Remote Trainer,
Dog,Training,Static Remote Trainer,
Dog,Training,Accessories,
Dog,Training,Accessories,
Dog,Training,Accessories,
Dog,Training,Static Remote Trainers,
Dog,Training,Static Remote Trainers,
Dog,Sporting Dog,Beeper Collars,
Dog,Training,Accessories,
Dog,Training,Accessories,
Dog,Sporting Dog,Beeper Collars,
Dog,Training,Accessories,
Dog,Sporting Dog,Beeper Collars,
Dog,GPS Tracking,GPS Tracking,
Dog,GPS Tracking,GPS Tracking,
Dog,GPS Tracking,GPS Tracking,
Dog,GPS Tracking,GPS Tracking,
Dog,GPS Tracking,Accessories,
Dog,GPS Tracking,Accessories,
Dog,GPS Tracking,Accessories,
Dog,GPS Tracking,Accessories,
Dog,GPS Tracking,Accessories,
Dog,GPS Tracking,Accessories,
Dog,GPS Tracking,Accessories,
Dog,GPS Tracking,Accessories,
Dog,GPS Tracking,Accessories,
Dog,Training,Accessories,
Dog,GPS Tracking,GPS Tracking,
Dog,Training,Accessories,
Dog,GPS Tracking,Accessories,
Dog,GPS Tracking,Accessories,
Dog,GPS Tracking,Accessories,
Dog,Training,Accessories,
Dog,GPS Tracking,Accessories,
Dog,Training,Accessories,
Dog,Training,Accessories,
Dog,Training,Accessories,
Dog,Training,Accessories,
Dog,Training,Accessories,
Dog,Sporting Dog,Beeper Collars,
Dog,Toys,Interactive Toys,
Dog,Toys,Interactive Toys,
Dog,Toys,Interactive Toys,
Dog,Toys,Interactive Toys,
Dog,Waste Management,In-Ground Disposal,
Dog,Waste Management,In-Ground Disposal,
Dog,Feeding and Watering,Food Storage,
Dog,Toys,Interactive Toys,
Dog,Waste Management,In-Ground Disposal,
Dog,Waste Management,In-Ground Disposal,
Dog,Waste Management,In-Ground Disposal,
Dog,Waste Management,In-Ground Disposal,
Dog,Waste Management,In-Ground Disposal,
Dog,Waste Management,In-Ground Disposal,
Dog,Toys,Interactive Toys,
Dog,Toys,Interactive Toys,
Dog,Memorials,Memorials,
Dog,Wellness,Cooling Bandanas and Jackets,
Dog,Beds,Beds,
Dog,Beds,Cooling Beds,
Dog,Beds,Cooling Beds,
Dog,Beds,Cooling Beds,
Dog,Beds,Cooling Beds,
Dog,Beds,Cooling Beds,
Dog,Treats and Bones,Treats,
Dog,Treats and Bones,Treats,
Dog,Toys,Interactive,
Dog,Toys,Interactive,
Dog,Toys,Interactive,
Dog,Toys,Chew,
Dog,Toys,Toss and Retrieve,
Dog,Toys,Toss and Retrieve,
Dog,Toys,Toss and Retrieve,
Dog,Toys,Toss and Retrieve,
Dog,Food,Food,
Dog,Food,Food,
Dog,Food,Food,
Dog,Food,Food,
Dog,Food,Food,
Dog,Food,Food,
Dog,Food,Food,
Dog,Food,Food,
Dog,Food,Food,
Dog,Treats and Bones,Treats,
Dog,Treats and Bones,Treats,
Dog,Treats and Bones,Treats,
Dog,Treats and Bones,Treats,
Dog,Grooming,Brushes,
Dog,Grooming,Brushes,
Dog,Grooming,Brushes,
Dog,Grooming,Brushes,
Dog,Grooming,Brushes,
Dog,Grooming,Brushes,
Dog,Feeding and Watering,Elevated Feeding,
Dog,Toys,Chew,
Dog,Toys,Chew,
Dog,Beds,Traditional Beds,
Cat,Toys,Interactive,
Dog,Toys,Interactive,
Dog,Wellness,Cooling Bandanas and Jackets,
Dog,Toys,Toss and Retrieve,
Dog,Toys,Toss and Retrieve,
Dog,Toys,Toss and Retrieve,
Dog,Toys,Chew,
Dog,Toys,Toss and Retrieve,
Dog,Toys,Toss and Retrieve,
Dog,Toys,Toss and Retrieve,
Cat,Doors,Door Mounted,
Cat,Doors,Door Mounted,
Dog,Doors,Door Entry,
Dog,Doors,Door Entry,
Dog,Doors,Door Entry,
Dog,Doors,Door Entry,
Dog,Doors,Door Entry,
Dog,Doors,Door Entry,
Dog,Doors,Door Entry,
Dog,Doors,Door Entry,
Dog,Doors,Patio Door Panels,
Dog,Doors,Door Entry,
Dog,Doors,Wall Entry,
Dog,Doors,Door Entry,
Dog,Doors,Door Entry,
Dog,Doors,Door Entry,
Dog,Doors,Wall Entry,
Dog,Doors,Wall Entry,
Dog,Bark Control,Static Bark Control,
Dog,Bark Control,Accessories,
Dog,Bark Control,Accessories,
Dog,Containment Systems,Accessories,
Dog,Containment Systems,Accessories,
Dog,Containment Systems,In-Ground Fences,
Dog,Containment Systems,In-Ground Fences,
Dog,Containment Systems,In-Ground Fences,
Dog,Containment Systems,In-Ground Fences,
Dog,Containment Systems,Accessories,
Dog,Beds,Heated Pads,
Dog,Beds,Heated Pads,
Dog,Beds,Heated Pads,
Dog,Beds,Heated Pads,
Dog,Beds,Heated Pads,
Dog,Beds,Heated Pads,
Dog,Beds,Heated Pads,
Dog,Beds,Heated Pads,
Dog,Beds,Heated Pads,
Dog,Beds,Heated Pads,
Dog,Beds,Heated Pads,
Dog,Beds,Heated Pads,
Dog,Beds,Heated Pads,
Dog,Beds,Heated Pads,
Dog,Beds,Heated Pads,
Small Pet,Beds,Heated Pads,
Small Pet,Beds,Heated Pads,
Dog,Beds,Heated Beds,
Dog,Beds,Heated Beds,
Dog,Beds,Heated Beds,
Dog,Beds,Heated Beds,
Dog,Beds,Heated Beds,
Dog,Beds,Heated Beds,
Dog,Beds,Heated Pads,
Cat,Beds,Heated Beds,
Dog,Beds,Heated Pads,
Dog,Beds,Heated Pads,
Dog,Beds,Accessories,
Dog,Travel,Carriers,
Dog,Travel,Carriers,
Dog,Crates,Soft-Cloth,
Dog,Crates,Soft-Cloth,
Dog,Crates,Soft-Cloth,
Dog,Crates,Soft-Cloth,
Dog,Travel,Carriers,
Dog,Beds,Cooling Beds,
Dog,Beds,Cooling Beds,
Dog,Beds,Cooling Beds,
Dog,Beds,Cooling Beds,
Dog,Beds,Cooling Beds,
Dog,Beds,Cooling Beds,
Dog,Beds,Cooling Beds,
Dog,Beds,Cooling Beds,
Dog,Beds,Cooling Beds,
Dog,Beds,Cooling Beds,
Dog,Beds,Cooling Beds,
Dog,Beds,Cooling Beds,
Dog,Beds,Cooling Beds,
Dog,Beds,Bolster Beds,
Dog,Beds,Bolster Beds,
Dog,Beds,Heated Beds,
Dog,Beds,Heated Beds,
Dog,Feeding and Watering,Heated Outdoor Bowls,
Dog,Feeding and Watering,Heated Outdoor Bowls,
Dog,Feeding and Watering,Heated Outdoor Bowls,
Cat,Feeding and Watering,Bowls,
Small Pet,Beds,Heated Beds,
Small Pet,Beds,Heated Beds,
Dog,Feeding and Watering,Automatic Feeding and Watering,
Dog,Feeding and Watering,Automatic Feeding and Watering,
Dog,Feeding and Watering,Automatic Feeding and Watering,
Dog,Feeding and Watering,Automatic Feeding and Watering,
Dog,Feeding and Watering,Automatic Feeding and Watering,
Dog,Feeding and Watering,Automatic Feeding and Watering,
Dog,Feeding and Watering,Automatic Feeding and Watering,
Dog,Feeding and Watering,Bowl,
Dog,Beds,Heated Beds,
Dog,Beds,Heated Beds,
Dog,Beds,Heated Beds,
Dog,Beds,Heated Beds,
Dog,Beds,Heated Beds,
Dog,Beds,Heated Beds,
Cat,Beds,Heated Beds,
Cat,Beds,Heated Beds,
Cat,Beds,Heated Beds,
Cat,Beds,Designer Beds,
Cat,Beds,Heated Pads,
Cat,Furniture,Perches,
Cat,Furniture,Perches,
Cat,Furniture,Perches,
Dog,Beds,Heated Pads,
Dog,Beds,Heated Pads,
Dog,Beds,Heated Pads,
Dog,Beds,Heated Pads,
Dog,Beds,Heated Pads,
Cat,Beds,Designer Beds,
Cat,Beds,Designer Beds,
Dog,Beds,Heated Beds,
Dog,Beds,Heated Beds,
Dog,Beds,Heated Beds,
Dog,Beds,Heated Beds,
Dog,Beds,Heated Beds,
Dog,Beds,Heated Beds,
Dog,Beds,Heated Beds,
Cat,Beds,Designer Beds,
Cat,Beds,Designer Beds,
Cat,Beds,Designer Beds,
Cat,Beds,Heated Beds,
Cat,Beds,Heated Beds,
Cat,Beds,Heated Beds,
Cat,Beds,Heated Beds,
Cat,Beds,Heated Beds,
Cat,Beds,Heated Beds,
Cat,Beds,Heated Beds,
Cat,Beds,Heated Beds,
Cat,Furniture,Play Houses,
Cat,Furniture,Play Houses,
Cat,Furniture,Play Houses,
Cat,Beds,Heated Beds,
Cat,Beds,Heated Beds,
Cat,Beds,Heated Beds,
Cat,Beds,Heated Beds,
Cat,Beds,Heated Beds,
Cat,Beds,Designer Beds,
Cat,Beds,Designer Beds,
Cat,Beds,Heated Beds,
Cat,Beds,Heated Beds,
Cat,Beds,Heated Beds,
Cat,Beds,Heated Beds,
Cat,Beds,Heated Beds,
Cat,Beds,Heated Beds,
Cat,Beds,Heated Beds,
Dog,Beds,Heated Beds,
Dog,Beds,Heated Beds,
Cat,Beds,Heated Beds,
Cat,Beds,Heated Beds,
Cat,Beds,Heated Beds,
Cat,Beds,Designer Beds,
Cat,Beds,Designer Beds,
Cat,House,Houses,
Cat,House,Houses,
Cat,House,Houses,
Cat,House,Houses,
Dog,Beds,Orthopedic Beds,
Dog,Beds,Orthopedic Beds,
Dog,Beds,Orthopedic Beds,
Dog,Beds,Orthopedic Beds,
Dog,Beds,Orthopedic Beds,
Dog,Beds,Orthopedic Beds,
Dog,Beds,Heated Beds,
Dog,Beds,Heated Pads,
Dog,Beds,Heated Pads,
Dog,Beds,Orthopedic Beds,
Dog,Beds,Orthopedic Beds,
Dog,Beds,Orthopedic Beds,
Dog,Beds,Orthopedic Beds,
Dog,Beds,Orthopedic Beds,
Dog,Beds,Orthopedic Beds,
Dog,Beds,Orthopedic Beds,
Dog,Beds,Orthopedic Beds,
Dog,Beds,Orthopedic Beds,
Dog,Beds,Orthopedic Beds,
Dog,Beds,Orthopedic Beds,
Dog,Beds,Orthopedic Beds,
Dog,Beds,Orthopedic Beds,
Dog,Beds,Orthopedic Beds,
Dog,Beds,Orthopedic Beds,
Dog,Beds,Orthopedic Beds,
Dog,Beds,Orthopedic Beds,
Dog,Beds,Orthopedic Beds,
Dog,Beds,Orthopedic Beds,
Dog,Beds,Orthopedic Beds,
Dog,Beds,Traditional Beds,
Dog,Beds,Traditional Beds,
Dog,Beds,Heated Beds,
Dog,Beds,Heated Beds,
Dog,Beds,Heated Beds,
Dog,Beds,Orthopedic Beds,
Dog,Beds,Orthopedic Beds,
Dog,Beds,Orthopedic Beds,
Dog,Beds,Orthopedic Beds,
Dog,Beds,Orthopedic Beds,
Dog,Beds,Orthopedic Beds,
Dog,Beds,Orthopedic Beds,
Dog,Beds,Orthopedic Beds,
Dog,Beds,Orthopedic Beds,
Dog,Beds,Orthopedic Beds,
Dog,Beds,Orthopedic Beds,
Dog,Beds,Orthopedic Beds,
Dog,Beds,Orthopedic Beds,
Dog,Beds,Orthopedic Beds,
Dog,Beds,Orthopedic Beds,
Dog,Beds,Orthopedic Beds,
Dog,Beds,Orthopedic Beds,
Dog,Beds,Orthopedic Beds,
Dog,Beds,Orthopedic Beds,
Dog,Beds,Orthopedic Beds,
Dog,Beds,Orthopedic Beds,
Dog,Beds,Orthopedic Beds,
Dog,Beds,Orthopedic Beds,
Dog,Beds,Orthopedic Beds,
Dog,Beds,Orthopedic Beds,
Dog,Beds,Orthopedic Beds,
Cat,Beds,Designer Beds,
Cat,Beds,Designer Beds,
Cat,Beds,Designer Beds,
Cat,Beds,Designer Beds,
Cat,Beds,Designer Beds,
Dog,Beds,Bolster Beds,
Dog,Beds,Bolster Beds,
Dog,Beds,Bolster Beds,
Dog,Beds,Bolster Beds,
Dog,Beds,Bolster Beds,
Dog,Beds,Bolster Beds,
Dog,Beds,Bolster Beds,
Dog,Beds,Bolster Beds,
Dog,Beds,Bolster Beds,
Dog,Beds,Bolster Beds,
Outdoor,Hose,Heated,
Outdoor,Hose,Heated,
Outdoor,Hose,Heated,
Outdoor,Hose,Heated,
Dog,Beds,Traditional Beds,
Outdoor,Hose,Heated,
Outdoor,Hose,Heated,
Dog,Beds,Traditional Beds,
Cat,Beds,Designer Beds,
Cat,Beds,Designer Beds,
Cat,Beds,Designer Beds,
Cat,Beds,Designer Beds,
Cat,Beds,Designer Beds,
Cat,Beds,Designer Beds,
Cat,House,Houses,
Cat,House,Houses,
Cat,Beds,Designer Beds,
Cat,Beds,Designer Beds,
Cat,Beds,Designer Beds,
Cat,Beds,Designer Beds,
Cat,Beds,Designer Beds,
Cat,Beds,Designer Beds,
Cat,Beds,Designer Beds,
Cat,Beds,Designer Beds,
Cat,Beds,Designer Beds,
Cat,Beds,Designer Beds,
Cat,Beds,Designer Beds,
Cat,Beds,Designer Beds,
Cat,Beds,Designer Beds,
Dog,Beds,Traditional Beds,
Dog,Beds,Traditional Beds,
Dog,Beds,Traditional Beds,
Dog,Beds,Traditional Beds,
Dog,Beds,Traditional Beds,
Dog,Beds,Bolster Beds,
Dog,Beds,Bolster Beds,
Dog,Beds,Bolster Beds,
Dog,Beds,Bolster Beds,
Dog,Beds,Bolster Beds,
Dog,Beds,Bolster Beds,
Dog,Beds,Traditional Beds,
Dog,Beds,Traditional Beds,
Cat,Beds,Designer Beds,
Cat,Beds,Designer Beds,
Cat,Beds,Designer Beds,
Dog,Beds,Traditional Beds,
Dog,Beds,Traditional Beds,
Cat,Beds,Designer Beds,
Cat,Beds,Designer Beds,
Cat,Beds,Designer Beds,
Dog,Beds,Traditional Beds,
Dog,Beds,Traditional Beds,
Cat,Beds,Designer Beds,
Cat,Beds,Designer Beds,
Cat,Beds,Designer Beds,
Dog,Beds,Traditional Beds,
Dog,Beds,Traditional Beds,
Dog,Beds,Traditional Beds,
Dog,Beds,Traditional Beds,
Dog,Beds,Traditional Beds,
Dog,Beds,Heated Beds,
Dog,Beds,Heated Beds,
Dog,Beds,Traditional Beds,
Dog,Beds,Traditional Beds,
Dog,Beds,Traditional Beds,
Dog,Beds,Traditional Beds,
Dog,Beds,Traditional Beds,
Dog,Beds,Heated Beds,
Dog,Beds,Heated Beds,
Dog,Beds,Traditional Beds,
Dog,Beds,Traditional Beds,
Dog,Beds,Traditional Beds,
Dog,Beds,Traditional Beds,
Dog,Beds,Traditional Beds,
Dog,Beds,Heated Beds,
Dog,Beds,Heated Beds,
Dog,Beds,Traditional Beds,
Dog,Beds,Traditional Beds,
Dog,Beds,Traditional Beds,
Dog,Beds,Traditional Beds,
Dog,Beds,Traditional Beds,
Dog,Beds,Traditional Beds,
Dog,Travel,Comfort,
Dog,Travel,Comfort,
Dog,Travel,Comfort,
Dog,Travel,Comfort,
Dog,Travel,Comfort,
Dog,Travel,Comfort,
Dog,Travel,Comfort,
Dog,Travel,Comfort,
Dog,Travel,Comfort,
Dog,Furniture,Covers,
Dog,Furniture,Covers,
Dog,Furniture,Covers,
Dog,Furniture,Covers,
Dog,Furniture,Covers,
Dog,Furniture,Covers,
Dog,Furniture,Covers,
Dog,Travel,Restraints,
Dog,Travel,Restraints,
Dog,Travel,Restraints,
Dog,Travel,Restraints,
Dog,Travel,Vehicle Barriers,
Dog,Travel,Comfort,
Dog,Travel,Comfort,
Dog,Travel,Comfort,
Dog,Travel,Comfort,
Dog,Travel,Comfort,
Dog,Travel,Comfort,
Dog,Travel,Comfort,
Dog,Travel,Comfort,
Dog,Travel,Comfort,
Dog,Furniture,Covers,
Dog,Travel,Comfort,
Dog,Furniture,Covers,
Dog,Furniture,Covers,
Dog,Beds,Heated Pads,
Dog,Beds,Heated Pads,
Dog,Beds,Heated Pads,
Dog,Beds,Traditional Beds,
Dog,Beds,Traditional Beds,
Dog,Beds,Traditional Beds,
Dog,Beds,Traditional Beds,
Dog,Beds,Heated Pads,
Dog,Beds,Heated Pads,
Dog,Beds,Heated Pads,
Dog,Beds,Traditional Beds,
Dog,Beds,Traditional Beds,
Dog,Beds,Traditional Beds,
Dog,Beds,Traditional Beds,
Dog,Beds,Heated Pads,
Dog,Beds,Heated Pads,
Dog,Beds,Heated Pads,
Dog,Beds,Traditional Beds,
Dog,Beds,Traditional Beds,
Dog,Beds,Traditional Beds,
Dog,Beds,Traditional Beds,
Dog,Beds,Heated Pads,
Dog,Beds,Heated Pads,
Dog,Beds,Heated Pads,
Dog,Beds,Traditional Beds,
Dog,Beds,Traditional Beds,
Dog,Beds,Traditional Beds,
Dog,Beds,Traditional Beds,
Dog,Beds,Heated Pads,
Dog,Beds,Heated Pads,
Dog,Beds,Heated Pads,
Dog,Beds,Traditional Beds,
Dog,Beds,Traditional Beds,
Dog,Beds,Traditional Beds,
Dog,Beds,Traditional Beds,
Dog,Beds,Heated Pads,
Dog,Beds,Heated Pads,
Dog,Beds,Heated Pads,
Dog,Beds,Traditional Beds,
Dog,Beds,Traditional Beds,
Dog,Beds,Traditional Beds,
Dog,Beds,Traditional Beds,
Fish,Pond Supplies,Pond Supplies,
Fish,Pond Supplies,Pond Supplies,
Fish,Pond Supplies,Pond Supplies,
Fish,Pond Supplies,Pond Supplies,
Fish,Pond Supplies,Pond Supplies,
Fish,Pond Supplies,Pond Supplies,
Fish,Pond Supplies,Pond Supplies,
Fish,Pond Supplies,Pond Supplies,
Fish,Pond Supplies,Pond Supplies,
Fish,Pond Supplies,Pond Supplies,
Fish,Pond Supplies,Pond Supplies,
Bird,Bath De-Icer,Bath De-Icer,
Bird,Bath De-Icer,Bath De-Icer,
Bird,Perches,Heated Perches,
Bird,Perches,Heated Perches,
Bird,Perches,Heated Perches,
Bird,Cages,Accessories,
Bird,Cages,Accessories,
Cat,Furniture,Perches,
Cat,Furniture,Perches,
Cat,Furniture,Perches,
Cat,Furniture,Perches,
Bird,Perches,Heated Perches,
Bird,Perches,Heated Perches,
Bird,Perches,Heated Perches,
Cat,Beds,Designer Beds,
Cat,Beds,Designer Beds,
Cat,Toys,Interactive,
Cat,Toys,Interactive,
Cat,Beds,Designer Beds,
Dog,Gates,Pressure Mounted,
Dog,Gates,Pressure Mounted,
Dog,Gates,Pressure Mounted,
Dog,Gates,Pressure Mounted,
Dog,Gates,Pressure Mounted,
Dog,Gates,Pressure Mounted,
Dog,Gates,Pressure Mounted,
Dog,Gates,Pressure Mounted,
Dog,Gates,Wall Mounted,
Dog,Gates,Wall Mounted,
Dog,Gates,Wall Mounted,
Dog,Gates,Wall Mounted,
Dog,Gates,Wall Mounted,
Dog,Gates,Wall Mounted,
Dog,Gates,Wall Mounted,
Dog,Gates,Wall Mounted,
Dog,Gates,Free Standing,
Dog,Gates,Free Standing,
Dog,Gates,Free Standing,
Dog,Gates,Pressure Mounted,
Dog,Gates,Pressure Mounted,
Dog,Gates,Pressure Mounted,
Dog,Gates,Pressure Mounted,
Dog,Gates,Wall Mounted,
Dog,Gates,Wall Mounted,
Dog,Gates,Free Standing,
Dog,Gates,Free Standing,
Dog,Gates,Free Standing,
Dog,Gates,Free Standing,
Dog,Gates,Wall Mounted,
Dog,Gates,Wall Mounted,
Dog,House Breaking,Indoor and Outdoor Repellent,
Cat,Furniture,Play Houses,
Cat,Furniture,Play Houses,
Cat,Furniture,Play Houses,
Cat,Furniture,Play Houses,
Cat,Furniture,Play Houses,
Cat,Furniture,Play Houses,
Cat,Furniture,Play Houses,
Cat,Travel,Comfort,
Cat,Furniture,Play Houses,
Cat,Furniture,Play Houses,
Cat,Furniture,Play Houses,
Cat,Furniture,Play Houses,
Cat,Furniture,Play Houses,
Cat,Furniture,Play Houses,
Cat,Furniture,Play Houses,
Cat,Furniture,Play Houses,
Cat,Furniture,Play Houses,
Cat,Furniture,Play Houses,
Cat,Furniture,Play Houses,
Cat,Travel,Strollers,
Cat,Travel,Strollers,
Cat,Travel,Strollers,
Cat,Travel,Strollers,
Cat,Travel,Strollers,
Cat,Travel,Strollers,
Cat,Travel,Strollers,
Cat,Travel,Strollers,
Cat,Travel,Strollers,
Cat,Travel,Strollers,
Cat,Travel,Strollers,
Cat,Travel,Strollers,
Cat,Travel,Strollers,
Cat,Travel,Strollers,
Cat,Furniture,Play Houses,
Cat,Furniture,Play Houses,
Cat,Furniture,Play Houses,
Cat,Furniture,Play Houses,
Cat,Furniture,Play Houses,
Cat,Furniture,Play Houses,
Cat,Furniture,Play Houses,
Cat,Furniture,Play Houses,
Dog,Beds,Traditional Beds,
Dog,Beds,Traditional Beds,
Dog,Beds,Traditional Beds,
Dog,Beds,Traditional Beds,
Dog,Wellness,Behavioral Aid,
Dog,Wellness,Behavioral Aid,
Dog,Toys,Interactive,
Dog,Travel,Comfort,
Dog,Travel,Comfort,
Dog,Travel,Comfort,
Dog,Travel,Carriers,
Dog,Travel,Carriers,
Dog,Travel,Strollers,
Dog,Travel,Comfort,
Dog,Water Safety,Life Jackets,
Dog,Water Safety,Life Jackets,
Dog,Water Safety,Life Jackets,
Dog,Water Safety,Life Jackets,
Dog,Water Safety,Life Jackets,
Dog,Feeding and Watering,Bowl,
Dog,Collars and Leashes,Leashes,
Dog,Travel,Comfort,
Dog,Travel,Comfort,
Dog,Travel,Comfort,
Dog,Travel,Carriers,
Dog,Travel,Carriers,
Dog,Wellness,Cold Weather Gear,
Dog,Wellness,Cold Weather Gear,
Dog,Wellness,Cold Weather Gear,
Dog,Wellness,Cold Weather Gear,
Dog,Wellness,Cold Weather Gear,
Dog,Agility Training,Agility Training,
Dog,Agility Training,Agility Training,
Dog,Waste Management,Poop Bags,
Dog,Waste Management,Poop Bags,
Cat,Waste Management,Litter Kwitter,
Cat,Litter Boxes,Litter Boxes,
Dog,DNA Test,DNA Test,
Cat,Furniture,Play Houses,
Dog,Travel,Carriers,
Dog,Travel,Carriers,
Dog,Travel,Carriers,
Dog,Travel,Carriers,
Dog,Travel,Carriers,
Dog,Travel,Carriers,
Dog,Travel,Carriers,
Dog,Travel,Carriers,
Dog,Travel,Carriers,
Dog,Travel,Carriers,
Dog,Travel,Carriers,
Dog,Travel,Carriers,
Dog,Travel,Carriers,
Small Pet,Cages,Cages,
Small Pet,Cages,Cages,
Small Pet,Cages,Cages,
Small Pet,Cages,Cages,
Small Pet,Cages,Cages,
Dog,Crates,Wire,
Dog,Crates,Wire,
Dog,Crates,Wire,
Dog,Crates,Wire,
Dog,Crates,Wire,
Dog,Crates,Wire,
Dog,Crates,Wire,
Dog,Crates,Wire,
Dog,Crates,Wire,
Dog,Crates,Wire,
Small Pet,Cages,Cages,
Dog,Crates,Wire,
Dog,Crates,Accessories,
Dog,Crates,Accessories,
Cat,Furniture,Play Houses,
Cat,Furniture,Play Houses,
Cat,Furniture,Play Houses,
Dog,Travel,Vehicle Barriers,
Small Pet,Cages,Accessories,
Dog,Crates,Wire,
Dog,Crates,Wire,
Dog,Crates,Soft - Cloth,
Dog,Crates,Soft - Cloth,
Dog,Crates,Soft - Cloth,
Dog,Crates,Soft - Cloth,
Dog,Crates,Puppy Play Pens,
Dog,Crates,Puppy Play Pens,
Dog,Crates,Puppy Play Pens,
Dog,Crates,Puppy Play Pens,
Dog,Crates,Puppy Play Pens,
Dog,Crates,Puppy Play Pens,
Dog,Gates,Wall Mounted,
Dog,Gates,Pressure Mounted,
Dog,Gates,Pressure Mounted,
Dog,Gates,Pressure Mounted,
Dog,Gates,Pressure Mounted,
Dog,Gates,Pressure Mounted,
Dog,Gates,Pressure Mounted,
Dog,Gates,Pressure Mounted,
Dog,Gates,Pressure Mounted,
Dog,Gates,Pressure Mounted,
Dog,Gates,Pressure Mounted,
Dog,Gates,Pressure Mounted,
Dog,Gates,Pressure Mounted,
Dog,Gates,Pressure Mounted,
Dog,Gates,Pressure Mounted,
Dog,Gates,Pressure Mounted,
Dog,Gates,Pressure Mounted,
Dog,Gates,Pressure Mounted,
Dog,Crates,Beds,
Dog,Crates,Beds,
Dog,Crates,Beds,
Dog,Crates,Beds,
Dog,Crates,Beds,
Dog,Crates,Beds,
Dog,Crates,Beds,
Dog,Crates,Beds,
Dog,Beds,Bolster Beds,
Dog,Crates,Beds,
Dog,Crates,Beds,
Dog,Crates,Beds,
Dog,Crates,Beds,
Dog,Crates,Beds,
Dog,Crates,Beds,
Dog,Crates,Beds,
Dog,Crates,Beds,
Dog,Crates,Beds,
Dog,Crates,Beds,
Dog,Crates,Beds,
Dog,Crates,Beds,
Dog,Crates,Beds,
Dog,Crates,Beds,
Dog,Crates,Puppy Play Pens,
Dog,Crates,Puppy Play Pens,
Dog,Crates,Puppy Play Pens,
Dog,Crates,Puppy Play Pens,
Dog,Crates,Puppy Play Pens,
Dog,Crates,Puppy Play Pens,
Dog,Crates,Puppy Play Pens,
Dog,Crates,Puppy Play Pens,
Dog,Crates,Puppy Play Pens,
Dog,Crates,Accessories,
Dog,Crates,Accessories,
Dog,Crates,Puppy Play Pens,
Dog,Crates,Puppy Play Pens,
Dog,Crates,Puppy Play Pens,
Dog,Crates,Puppy Play Pens,
Dog,Crates,Puppy Play Pens,
Dog,Crates,Accessories,
Dog,Crates,Puppy Play Pens,
Dog,Crates,Puppy Play Pens,
Dog,Crates,Puppy Play Pens,
Dog,Crates,Exercise Pens,
Dog,Crates,Exercise Pens,
Dog,Crates,Exercise Pens,
Dog,Crates,Exercise Pens,
Dog,Crates,Exercise Pens,
Dog,Crates,Exercise Pens,
Dog,Crates,Exercise Pens,
Dog,Crates,Exercise Pens,
Dog,Crates,Exercise Pens,
Dog,Crates,Exercise Pens,
Dog,Crates,Wire,
Dog,Crates,Wire,
Dog,Crates,Wire,
Dog,Crates,Wire,
Dog,Crates,Wire,
Dog,Crates,Wire,
Dog,Crates,Wire,
Dog,Crates,Wire,
Dog,Crates,Wire,
Dog,Crates,Wire,
Dog,Crates,Wire,
Dog,Crates,Wire,
Dog,Crates,Wire,
Dog,Crates,Wire,
Dog,Crates,Wire,
Dog,Crates,Wire,
Dog,Crates,Wire,
Dog,Crates,Wire,
Dog,Crates,Wire,
Dog,Travel,Vehicle Barriers,
Dog,Travel,Vehicle Barriers,
Cat,Containment,Cages,
Cat,Containment,Cages,
Dog,Crates,Accessories,
Dog,Crates,Accessories,
Dog,Crates,Accessories,
Dog,Crates,Accessories,
Dog,Crates,Accessories,
Dog,Crates,Accessories,
Dog,Crates,Accessories,
Dog,Crates,Accessories,
Dog,Crates,Accessories,
Dog,Crates,Accessories,
Dog,Crates,Accessories,
Dog,Crates,Accessories,
Dog,Crates,Accessories,
Dog,Crates,Accessories,
Dog,Grooming,Tables,
Dog,Grooming,Tables,
Dog,Grooming,Tables,
Dog,Grooming,Tables,
Dog,Grooming,Tables,
Dog,Grooming,Tables,
Dog,Grooming,Tables,
Dog,Grooming,Tables,
Dog,Crates,Wire,
Dog,Crates,Wire,
Dog,Crates,Wire,
Dog,Crates,Wire,
Dog,Crates,Wire,
Dog,Crates,Wire,
Dog,Crates,Wire,
Dog,Crates,Wire,
Dog,Crates,Wire,
Dog,Crates,Wire,
Dog,Crates,Wire,
Dog,Crates,Wire,
Dog,Crates,Wire,
Dog,Crates,Wire,
Dog,Kennels,Kennels,
Dog,Kennels,Kennels,
Dog,Kennels,Kennels,
Dog,Crates,Wire,
Dog,Crates,Wire,
Dog,Crates,Wire,
Dog,Crates,Wire,
Dog,Crates,Wire,
Dog,Crates,Wire,
Dog,Crates,Wire,
Dog,Crates,Wire,
Dog,Crates,Wire,
Dog,Crates,Wire,
Dog,Crates,Wire,
Dog,Crates,Wire,
Dog,Crates,Accessories,
Dog,Crates,Accessories,
Dog,Crates,Accessories,
Dog,Crates,Accessories,
Dog,Crates,Accessories,
Dog,Crates,Accessories,
Dog,Waste Management,Rakes and Scoops,
Dog,Crates,Accessories,
Dog,Crates,Beds,
Dog,Crates,Beds,
Dog,Crates,Beds,
Dog,Crates,Beds,
Dog,Crates,Beds,
Dog,Crates,Beds,
Dog,Crates,Beds,
Dog,Crates,Beds,
Dog,Crates,Wire,
Dog,Crates,Wire,
Dog,Crates,Wire,
Dog,Grooming,Clippers,
Dog,Grooming,Clippers,
Dog,Grooming,Clippers,
Dog,Grooming,Brushes,
Dog,Feeding and Watering,Bowls,
Dog,Feeding and Watering,Bowls,
Dog,Feeding and Watering,Bowls,
Dog,Feeding and Watering,Bowls,
Dog,Feeding and Watering,Bowls,
Dog,Feeding and Watering,Bowls,
Dog,Feeding and Watering,Bowls,
Dog,Bark Control,Ultrasonic Bark Control,
Dog,Bark Control,Ultrasonic Bark Control,
Dog,Pet Video Camera,Pet Video Camera,
Dog,Pet Video Camera,Pet Video Camera,
Dog,Bark Control,Static Bark Control,
Dog,Remote Training,Accessories,
Dog,Remote Training,Static Remote Trainers,
Dog,Remote Training,Static Remote Trainers,
Dog,Remote Training,Static Remote Trainers,
Dog,Remote Training,Ultrasonic Remote Training,
Dog,Containment Systemss,Accessories,
Dog,Containment Systems,Wireless Fence,
Dog,Containment Systemss,Wireless Fences,
Dog,Waste Management,Poop Bags,
Dog,Water Safety,Life Jackets,
Dog,Gates,Pressure Mounted,
Dog,Gates,Pressure Mounted,
Dog,Gates,Wall Mounted,
Dog,Gates,Wall Mounted,
Dog,Gates,Wall Mounted,
Dog,Gates,Wall Mounted,
Dog,Gates,Wall Mounted,
Dog,Gates,Wall Mounted,
Dog,Gates,Wall Mounted,
Dog,Gates,Wall Mounted,
Dog,Gates,Pressure Mounted,
Dog,Gates,Wall Mounted,
Dog,Crates,Exercise Pens,
Dog,Crates,Exercise Pens,
Dog,Gates,Wall Mounted,
Dog,Crates,Exercise Pens,
Dog,Crates,Exercise Pens,
Dog,Gates,Wall Mounted,
Dog,Gates,Wall Mounted,
Dog,Gates,Pressure Mounted,
Dog,Gates,Pressure Mounted,
Dog,Crates,Exercise Pens,
Dog,Crates,Exercise Pens,
Dog,Gates,Wall Mounted,
Dog,Gates,Pressure Mounted,
Dog,Toys,Chew,
Dog,Toys,Chew,
Dog,Toys,Chew,
Dog,Toys,Chew,
Dog,Toys,Chew,
Dog,Toys,Chew,
Cat,Litter Boxes,Automatic Litter Boxes,
Cat,Litter Boxes,Accessories,
Dog,Waste Management,Poop Bags,
Dog,Feeding and Watering,Elevated Feeding,
Cat,Toys,Interactive,
Cat,Toys,Interactive,
Cat,Toys,Interactive,
Cat,Toys,Interactive,
Dog,Treats and Bones,Treats,
Dog,Treats and Bones,Treats,
Dog,Treats and Bones,Treats,
Dog,Treats and Bones,Treats,
Dog,Feeding and Watering,Elevated Feeding,
Dog,Feeding and Watering,Elevated Feeding,
Dog,Feeding and Watering,Elevated Feeding,
Dog,Feeding and Watering,Automatic Feeding and Watering,
Dog,Feeding and Watering,Food Storage,
Dog,Feeding and Watering,Food Storage,
Dog,Feeding and Watering,Elevated Feeding,
Dog,Feeding and Watering,Elevated Feeding,
Dog,Feeding and Watering,Elevated Feeding,
Dog,Feeding and Watering,Food Storage,
Dog,Feeding and Watering,Food Storage,
Cat,Litter Boxes,Litter Scoops,
Dog,Waste Management,Rakes and Scoops,
Dog,Water Safety,Pool Steps,
Dog,Water Safety,Rafts,
Dog,Water Safety,Rafts,
Dog,Water Safety,Life Jackets,
Dog,Water Safety,Life Jackets,
Dog,Water Safety,Life Jackets,
Dog,Grooming,Bathing,
Dog,Water Safety,Boat Ladder,
Dog,Water Safety,Life Jackets,
Dog,Water Safety,Life Jackets,
Dog,Water Safety,Life Jackets,
Dog,Water Safety,Life Jackets,
Dog,Water Safety,Life Jackets,
Dog,Water Safety,Life Jackets,
Dog,Water Safety,Life Jackets,
Dog,Water Safety,Life Jackets,
Dog,Water Safety,Life Jackets,
Dog,Water Safety,Life Jackets,
Dog,Water Safety,Life Jackets,
Dog,Water Safety,Life Jackets,
Dog,Water Safety,Life Jackets,
Dog,Water Safety,Life Jackets,
Dog,Water Safety,Life Jackets,
Dog,Water Safety,Life Jackets,
Dog,Water Safety,Life Jackets,
Dog,Water Safety,Life Jackets,
Dog,Water Safety,Life Jackets,
Dog,Water Safety,Life Jackets,
Dog,Water Safety,Life Jackets,
Dog,Water Safety,Life Jackets,
Dog,Water Safety,Life Jackets,
Dog,Grooming,Clippers,
Dog,Containment Systems,Accessories,
Dog,Containment Systems,Accessories,
Dog,Containment Systems,In-ground Fences,
Dog,Containment Systems,Accessories,
Dog,Containment Systems,Accessories,
Dog,Containment Systems,Accessories,
Dog,Containment Systems,Accessories,
Dog,Containment Systems,Accessories,
Dog,Containment Systems,Accessories,
Dog,Containment Systemss,In-Ground Fences,
Dog,Containment Systemss,In-Ground Fences,
Dog,Containment Systemss,In-Ground Fences,
Dog,Containment Systemss,In-Ground Fences,
Dog,Containment Systems,In-ground Fences,
Dog,Containment Systems,In-ground Fences,
Dog,Containment Systems,In-ground Fences,
Dog,Containment Systems,In-ground Fences,
Dog,Containment Systems,Accessories,
Dog,Containment Systems,Accessories,
Dog,Containment Systems,Accessories,
Dog,Containment Systems,Accessories,
Dog,Containment Systems,Accessories,
Dog,Containment Systems,Accessories,
Dog,Containment Systems,Wireless Fences,
Dog,Crates,Accessories,
Dog,Crates,Accessories,
Dog,Crates,Accessories,
Dog,Crates,Accessories,
Dog,Crates,Accessories,
Dog,Crates,Accessories,
Dog,Crates,Accessories,
Dog,Crates,Accessories,
Dog,Crates,Accessories,
Dog,Crates,Accessories,
Dog,Crates,Accessories,
Dog,Crates,Accessories,
Dog,Crates,Accessories,
Dog,Grooming,Shampoo,
Dog,Grooming,Shampoo,
Dog,Grooming,Shampoo,
Dog,Grooming,Shampoo,
Dog,Grooming,Shampoo,
Dog,Grooming,Shampoo,
Dog,Grooming,Shampoo,
Dog,Grooming,Shampoo,
Dog,Grooming,Shampoo,
Dog,Grooming,Skin and Coat Care,
Dog,Grooming,Shampoo,
Dog,Grooming,Skin and Coat Care,
Dog,Grooming,Skin and Coat Care,
Dog,Grooming,Skin and Coat Care,
Dog,Grooming,Skin and Coat Care,
Dog,Feeding and Watering,Bowls,
Dog,Feeding and Watering,Bowls,
Dog,Feeding and Watering,Bowls,
Dog,Kennels,Kennels,
Dog,Kennels,Kennels,
Dog,Feeding and Watering,Automatic Feeding and Watering,
Dog,Feeding and Watering,Automatic Feeding and Watering,
Dog,Feeding and Watering,Automatic Feeding and Watering,
Dog,Feeding and Watering,Automatic Feeding and Watering,
Dog,Feeding and Watering,Automatic Feeding and Watering,
Dog,Feeding and Watering,Automatic Feeding and Watering,
Dog,Feeding and Watering,Automatic Feeding and Watering,
Dog,Feeding and Watering,Automatic Feeding and Watering,
Dog,Feeding and Watering,Automatic Feeding and Watering,
Dog,Feeding and Watering,Automatic Feeding and Watering,
Dog,Feeding and Watering,Automatic Feeding and Watering,
Cat,Feeding and Watering,Automatic Feeding and Watering,
Dog,Feeding and Watering,Automatic Feeding and Watering,
Dog,Feeding and Watering,Automatic Feeding and Watering,
Cat,Feeding and Watering,Automatic Feeding and Watering,
Dog,Feeding and Watering,Automatic Feeding and Watering,
Dog,Beds,Traditional Beds,
Dog,Beds,Traditional Beds,
Dog,Beds,Traditional Beds,
Dog,Beds,Orthopedic Beds,
Dog,Furniture,Steps,
Dog,Beds,Traditional Beds,
Dog,Doors,Wall Entry,
Dog,Doors,Replacement Flap,
Dog,Doors,Replacement Flap,
Dog,Doors,Replacement Flap,
Dog,Doors,Door Entry,
Dog,Doors,Door Entry,
Dog,Doors,Door Entry,
Dog,Doors,Door Entry,
Dog,Training,Accessories,
Cat,Doors,Door Mounted,
Dog,Feeding and Watering,Automatic Feeding and Watering,
Dog,Doors,Wall Entry,
Dog,Feeding and Watering,Automatic Feeding and Watering,
Dog,Feeding and Watering,Automatic Feeding and Watering,
Dog,Feeding and Watering,Automatic Feeding and Watering,
Dog,Containment Systems,Accessories,
Dog,Containment Systems,Accessories,
Dog,Doors,Wall Entry,
Dog,Doors,Wall Entry,
Dog,Doors,Door Mounted,
Dog,Doors,Door Mounted,
Dog,Training,Accessories,
Dog,Training,Accessories,
Dog,Bark Control,Accessories,
Dog,Bark Control,Accessories,
Dog,Bark Control,Accessories,
Dog,Bark Control,Accessories,
Dog,Training,Accessories,
Dog,Training,Accessories,
Dog,Feeding and Watering,Automatic Feeding and Watering,
Dog,Feeding and Watering,Automatic Feeding and Watering,
Dog,Feeding and Watering,Automatic Feeding and Watering,
Dog,Feeding and Watering,Automatic Feeding and Watering,
Dog,Doors,Automatic Feeding and Watering,
Dog,Feeding and Watering,Automatic Feeding and Watering,
Dog,Training,Accessories,
Dog,Training,Accessories,
Dog,Feeding and Watering,Automatic Feeding and Watering,
Dog,Feeding and Watering,Automatic Feeding and Watering,
Dog,Feeding and Watering,Automatic Feeding and Watering,
Dog,Feeding and Watering,Automatic Feeding and Watering,
Dog,Doors,Door Entry,
Dog,Doors,Door Entry,
Dog,Feeding and Watering,Automatic Feeding and Watering,
Dog,Feeding and Watering,Automatic Feeding and Watering,
Cat,Litter Boxes,Accessories,
Cat,Litter Boxes,Accessories,
Cat,Litter Boxes,Accessories,
Cat,Litter Boxes,Accessories,
Cat,Litter Boxes,Accessories,
Cat,Litter Boxes,Accessories,
Cat,Toys,Interactive,
Dog,Waste Management,Indoor Potties,
Dog,Waste Management,Indoor Potties,
Dog,Waste Management,Indoor Potties,
Dog,House Breaking,Odor Eliminator,
Dog,Waste Management,Indoor Potties,
Dog,Waste Management,Indoor Potties,
Dog,House Breaking,Odor Eliminator,
Dog,House Breaking,Training Aid Spray,
Dog,Waste Management,Indoor Potties,
Dog,Feeding and Watering,Automatic Feeding and Watering,
Dog,Doors,Door Entry,
Dog,Doors,Replacement Flap,
Dog,Doors,Replacement Flap,
Dog,Doors,Replacement Flap,
Dog,Doors,Replacement Flap,
Dog,Doors,Door Entry,
Cat,Doors,Door Mounted,
Dog,Training,Accessories,
Dog,Training,Accessories,
Cat,Containment Systems,Spray Deterrent,
Cat,Litter Boxes,Litter Boxes,
Cat,Litter Boxes,Litter Boxes,
Cat,Litter Boxes,Automatic Litter Boxes,
Dog,Bark Control,Ultrasonic Bark Control,
Dog,Bark Control,Spray Bark Control,
Dog,Bark Control,Spray Bark Control,
Dog,Bark Control,Static Bark Control,
Dog,Bark Control,Static Bark Control,
Dog,Bark Control,Ultrasonic Bark Control,
Dog,Bark Control,Static Bark Control,
Dog,Bark Control,Spray Bark Control,
Dog,Bark Control,Ultrasonic Bark Control,
Dog,Bark Control,Static Bark Control,
Dog,Bark Control,Ultrasonic Bark Control,
Dog,Bark Control,Static Bark Control,
Cat,Containment Systemss,Accessories,
Dog,Bark Control,Static Bark Control,
Dog,Training,Spray Remote Trainers,
Dog,House Breaking,Indoor and Outdoor Repellent,
Dog,Containment Systemss,Indoor Containment,
Dog,Containment Systemss,Indoor Containment,
Dog,Training,Static Remote Trainers,
Dog,Training,Static Remote Trainers,
Dog,Training,Static Remote Trainers,
Dog,Training,Static Remote Trainers,
Dog,Training,Static Remote Trainers,
Dog,Training,Static Remote Trainers,
Dog,House Breaking,Training Pads,
Dog,Training,Static Remote Trainers,
Dog,Training,Spray Remote Trainers,
Cat,Containment,Spray Deterrent,
Dog,Training, Static Remote Trainers,
Dog,Feeding and Watering,Automatic Feeding and Watering,
Dog,Feeding and Watering,Automatic Feeding and Watering,
Dog,Feeding and Watering,Automatic Feeding and Watering,
Dog,Feeding and Watering,Automatic Feeding and Watering,
Dog,Feeding and Watering,Automatic Feeding and Watering,
Dog,Feeding and Watering,Automatic Feeding and Watering,
Dog,Feeding and Watering,Automatic Feeding and Watering,
Dog,Feeding and Watering,Automatic Feeding and Watering,
Dog,Feeding and Watering,Automatic Feeding and Watering,
Dog,Feeding and Watering,Automatic Feeding and Watering,
Dog,Containment Systemss,Wireless Fences,
Dog,Containment Systemss,Accessories,
Dog,Containment Systemss,Accessories,
Dog,Containment Systemss,Accessories,
Dog,Containment Systemss,Accessories,
Dog,Containment Systemss,Wireless Fences,
Dog,Containment Systemss,In-Ground Fences,
Dog,Containment Systemss,In-Ground Fences,
Dog,Containment Systemss,In-Ground Fences,
Dog,Containment Systemss,In-Ground Fences,
Dog,Containment Systemss,In-Ground Fences,
Dog,Containment Systemss,In-Ground Fences,
Dog,Containment Systemss,In-Ground Fences,
Dog,Containment Systemss,In-Ground Fences,
Cat,Containment Systemss,In-Ground Fences,
Dog,Containment Systemss,In-Ground Fences,
Dog,Containment Systemss,In-Ground Fences,
Dog,Containment Systemss,In-Ground Fences,
Dog,Containment Systemss,In-Ground Fences,
Dog,Containment Systemss,In-Ground Fences,
Dog,Containment Systemss,In-Ground Fences,
Dog,Containment Systemss,In-Ground Fences,
Dog,Containment Systemss,In-Ground Fences,
Dog,Containment Systemss,Accessories,
Dog,Containment Systemss,In-Ground Fences,
Dog,Containment Systemss,In-Ground Fences,
Dog,Containment Systemss,In-Ground Fences,
Dog,Containment Systemss,In-Ground Fences,
Dog,Containment Systemss,In-Ground Fences,
Dog,Containment Systemss,In-Ground Fences,
Dog,Containment Systemss,Accessories,
Dog,Containment Systemss,In-Ground Fences,
Dog,Containment Systemss,In-Ground Fences,
Dog,Containment Systemss,In-Ground Fences,
Dog,Containment Systemss,In-Ground Fences,
Dog,Containment Systemss,In-Ground Fences,
Dog,Containment Systemss,In-Ground Fences,
Dog,Containment Systemss,In-Ground Fences,
Dog,Containment Systemss,In-Ground Fences,
Dog,Containment Systemss,In-Ground Fences,
Dog,Containment Systemss,In-Ground Fences,
Dog,Containment Systemss,In-Ground Fences,
Dog,Containment Systemss,In-Ground Fences,
Dog,Containment Systemss,Accessories,
Dog,Containment Systemss,In-Ground Fences,
Dog,Containment Systemss,In-Ground Fences,
Dog,Containment Systemss,In-Ground Fences,
Dog,Containment Systemss,In-Ground Fences,
Dog,Containment Systemss,In-Ground Fences,
Dog,Containment Systemss,In-Ground Fences,
Dog,Containment Systemss,Indoor Containment,
Dog,Doors,Door Entry,
Dog,Doors,Door Entry,
Dog,Doors,Door Entry,
Dog,Doors,Door Entry,
Dog,Doors,Door Entry,
Dog,Doors,Door Entry,
Dog,Doors,Door Entry,
Dog,Doors,Door Entry,
Dog,Doors,Door Entry,
Dog,Doors,Door Entry,
Dog,Doors,Door Entry,
Cat,Doors,Wall Mounted,
Cat,Doors,Wall Mounted,
Cat,Doors,Wall Mounted,
Dog,Doors,Door Entry,
Dog,Doors,Door Entry,
Dog,Doors,Door Entry,
Dog,Doors,Door Entry,
Dog,Doors,Wall Entry,
Dog,Doors,Wall Entry,
Dog,Doors,Wall Entry,
Dog,Doors,Patio Door Panels,
Dog,Doors,Patio Door Panels,
Dog,Doors,Patio Door Panels,
Dog,Doors,Patio Door Panels,
Dog,Doors,Patio Door Panels,
Dog,Doors,Patio Door Panels,
Dog,Doors,Patio Door Panels,
Dog,Doors,Patio Door Panels,
Dog,Doors,Patio Door Panels,
Dog,Doors,Patio Door Panels,
Dog,Doors,Patio Door Panels,
Dog,Doors,Patio Door Panels,
Dog,Doors,Patio Door Panels,
Dog,Treats and Bones,Treats,
Dog,Treats and Bones,Treats,
Dog,Treats and Bones,Treats,
Dog,Treats and Bones,Treats,
Dog,Treats and Bones,Treats,
Dog,Treats and Bones,Treats,
Dog,Treats and Bones,Treats,
Dog,Containment Systemss,Accessories,
Cat,Toys,Interactive,
Cat,Toys,Interactive,
Cat,Toys,Interactive,
Cat,Toys,Interactive,
Cat,Toys,Interactive,
Dog,Toys,Interactive,
Dog,Containment Systemss,Accessories,
Dog,Training,Ultrasonic Remote Training,
Dog,Containment Systemss,Indoor Containment,
Dog,Containment Systemss,Accessories,
Dog,Containment Systemss,Indoor Containment,
Dog,Containment Systemss,Indoor Containment,
Dog,Containment Systemss,Indoor Containment,
Dog,Waste Management,Indoor Potties,
Dog,Waste Management,Indoor Potties,
Dog,Waste Management,Indoor Potties,
Dog,Feeding and Watering,Automatic Feeding and Watering,
Dog,Feeding and Watering,Automatic Feeding and Watering,
Dog,Feeding and Watering,Automatic Feeding and Watering,
Dog,Feeding and Watering,Automatic Feeding and Watering,
Dog,Feeding and Watering,Automatic Feeding and Watering,
Dog,Feeding and Watering,Automatic Feeding and Watering,
Dog,Feeding and Watering,Automatic Feeding and Watering,
Dog,Feeding and Watering,Automatic Feeding and Watering,
Dog,Feeding and Watering,Automatic Feeding and Watering,
Dog,Feeding and Watering,Automatic Feeding and Watering,
Dog,Feeding and Watering,Automatic Feeding and Watering,
Dog,Feeding and Watering,Automatic Feeding and Watering,
Dog,Feeding and Watering,Automatic Feeding and Watering,
Dog,Feeding and Watering,Automatic Feeding and Watering,
Dog,Feeding and Watering,Automatic Feeding and Watering,
Dog,Feeding and Watering,Automatic Feeding and Watering,
Dog,Training,Accessories,
Dog,Training,Accessories,
Dog,Containment Systemss,Accessories,
Dog,Containment Systemss,Accessories,
Dog,Containment Systemss,Accessories,
Dog,Containment Systemss,Accessories,
Dog,Containment Systemss,Accessories,
Dog,Containment Systemss,Accessories,
Dog,Containment Systemss,Accessories,
Dog,Containment Systemss,Accessories,
Dog,Containment Systemss,Accessories,
Dog,Containment Systemss,Accessories,
Dog,Containment Systemss,Accessories,
Dog,House Breaking,Indoor and Outdoor Repellent,
Dog,House Breaking,Indoor and Outdoor Repellent,
Dog,House Breaking,Indoor and Outdoor Repellent,
Dog,House Breaking,Indoor and Outdoor Repellent,
Dog,House Breaking,Indoor and Outdoor Repellent,
Dog,House Breaking,Indoor and Outdoor Repellent,
Dog,House Breaking,Indoor and Outdoor Repellent,
Dog,House Breaking,Indoor and Outdoor Repellent,
Dog,House Breaking,Indoor and Outdoor Repellent,
Cat,Toys,Feeders,
Cat,Toys,Feeders,
Cat,Toys,Feeders,
Cat,Toys,Feeders,
Cat,Toys,Feeders,
Dog,Training,Accessories,
Dog,Containment Systemss,Accessories,
Dog,Containment Systemss,In-Ground Fences,
Dog,Containment Systemss,In-Ground Fences,
Dog,Containment Systemss,Indoor Containment,
Dog,Containment Systemss,Indoor Containment,
Dog,Toys,Chew,
Dog,Toys,Chew,
Dog,Toys,Toss and Retrieve,
Dog,Toys,Toss and Retrieve,
Dog,Toys,Toss and Retrieve,
Dog,Toys,Chew,
Dog,Toys,Chew,
Dog,Toys,Toss and Retrieve,
Dog,Toys,Toss and Retrieve,
Cat,Toys,Interactive,
Cat,Toys,Interactive,
Cat,Toys,Interactive,
Cat,Toys,Interactive,
Cat,Toys,Interactive,
Cat,Toys,Interactive,
Cat,Toys,Interactive,
Cat,Furniture,Scratching Posts,
Dog,Toys,Interactive,
Dog,Toys,Interactive,
Dog,Toys,Interactive,
Dog,Waste Management,Indoor Potties,
Dog,Waste Management,Indoor Potties,
Dog,Waste Management,Indoor Potties,
Dog,Waste Management,Indoor Potties,
Dog,Waste Management,Indoor Potties,
Dog,Waste Management,Indoor Potties,
Dog,Waste Management,Indoor Potties,
Dog,Toys,Chew,
Dog,Toys,Chew,
Dog,Treats and Bones,Rawhide,
Dog,Treats and Bones,Rawhide,
Dog,Treats and Bones,Interactive,
Dog,Collars and Leashes,Collars,
Dog,Collars and Leashes,Collars,
Dog,Collars and Leashes,Collars,
Dog,Collars and Leashes,Collars,
Dog,Collars and Leashes,Collars,
Dog,Collars and Leashes,Collars,
Dog,Collars and Leashes,Collars,
Dog,Collars and Leashes,Collars,
Dog,Collars and Leashes,Collars,
Dog,Wellness,Behavioral Aid,
Dog,Toys,Interactive,
Dog,Toys,Interactive,
Dog,Bark Control,Spray Bark Control,
Dog,Bark Control,Spray Bark Control,
Dog,Training,Accessories,
Dog,Containment Systemss,Accessories,
Dog,Containment Systemss,Accessories,
Dog,Containment Systemss,Accessories,
Dog,Containment Systemss,Accessories,
Dog,Containment Systemss,Accessories,
Dog,Containment Systemss,Accessories,
Dog,Training,Accessories,
Dog,Containment Systemss,Accessories,
Dog,Containment Systemss,Accessories,
Dog,Containment Systemss,Accessories,
Dog,Containment Systemss,Accessories,
Dog,Containment Systemss,Accessories,
Dog,Containment Systemss,Accessories,
Dog,Containment Systemss,Accessories,
Dog,Training,Accessories,
Dog,Training,Accessories,
Dog,Grooming,Bathing,
Dog,Containment Systemss,Accessories,
Dog,Containment Systemss,Accessories,
Dog,Containment Systemss,Accessories,
Dog,Containment Systemss,Accessories,
Dog,Containment Systemss,Accessories,
Dog,Containment Systemss,Accessories,
Dog,Containment Systemss,Accessories,
Dog,Containment Systemss,Accessories,
Dog,Containment Systemss,Accessories,
Dog,Containment Systemss,Accessories,
Dog,Containment Systemss,Accessories,
Dog,Containment Systemss,Accessories,
Dog,Containment Systemss,Accessories,
Dog,Containment Systemss,Accessories,
Dog,Containment Systemss,Accessories,
Dog,Containment Systemss,Accessories,
Dog,Containment Systemss,Accessories,
Dog,Containment Systemss,Accessories,
Dog,Containment Systemss,Accessories,
Dog,Containment Systemss,Accessories,
Dog,Containment Systemss,Accessories,
Dog,Containment Systemss,Accessories,
Dog,Containment Systemss,Accessories,
Dog,Containment Systemss,Accessories,
Dog,Containment Systemss,Accessories,
Dog,Containment System,Accessories,
Dog,Containment System,Accessories,
Dog,Containment System,Accessories,
Dog,Containment System,Accessories,
Dog,Containment System,Accessories,
Dog,Containment System,Accessories,
Dog,Containment System,Accessories,
Dog,Containment System,Accessories,
Dog,Containment System,Accessories,
Dog,Collars and Leashes,Collars,
Dog,Collars and Leashes,Collars,
Dog,Collars and Leashes,Collars,
Dog,Collars and Leashes,Collars,
Dog,Collars and Leashes,Collars,
Dog,Collars and Leashes,Collars,
Dog,Collars and Leashes,Collars,
Dog,Feeding and Watering,Food Storage,
Dog,Gates,Pressure Mounted,
Dog,Crates,Wood / Designer,
Dog,Crates,Wood / Designer,
Dog,Crates,Wood / Designer,
Dog,Gates,Freestanding,
Dog,Gates,Freestanding,
Dog,Gates,Freestanding,
Dog,Gates,Freestanding,
Dog,Gates,Freestanding,
Dog,Gates,Freestanding,
Dog,Gates,Freestanding,
Dog,Gates,Freestanding,
Dog,Gates,Freestanding,
Dog,Gates,Freestanding,
Dog,Gates,Freestanding,
Dog,Gates,Freestanding,
Dog,Gates,Pressure Mounted,
Dog,Gates,Wall Mounted,
Dog,Gates,Freestanding,
Dog,Gates,Freestanding,
Dog,Gates,Freestanding,
Dog,Gates,Freestanding,
Dog,Gates,Freestanding,
Dog,Gates,Freestanding,
Dog,Gates,Pressure Mounted,
Dog,Gates,Pressure Mounted,
Dog,Crates,Accessories,
Dog,Gates,Freestanding,
Dog,Crates,Accessories,
Dog,Crates,Accessories,
Dog,House Breaking,Training Pads,
Dog,House Breaking,Training Pads,
Dog,House Breaking,Training Pads,
Dog,House Breaking,Training Pads,
Dog,House Breaking,Training Pads,
Dog,Crates,Wood / Designer,
Dog,Crates,Wood / Designer,
Dog,Gates,Pressure Mounted,
Dog,Gates,Freestanding,
Dog,Travel,Carriers,
Dog,Travel,Carriers,
Dog,Crate,Wood / Designer,
Dog,Crate,Wood / Designer,
Dog,Crate,Wood / Designer,
Dog,Gates,Pressure Mounted,
Dog,Gates,Pressure Mounted,
Dog,Gates,Pressure Mounted,
Dog,Gates,Freestanding,
Dog,Feeding and Watering,Automatic Feeding and Watering,
Dog,Feeding and Watering,Automatic Feeding and Watering,
Dog,Feeding and Watering,Automatic Feeding and Watering,
Dog,Toys,Interactive,
Dog,Toys,Interactive,
Dog,Toys,Interactive,
Dog,Toys,Interactive,
Dog,Toys,Interactive,
Dog,Toys,Interactive,
Dog,Toys,Interactive,
Dog,Toys,Interactive,
Dog,Toys,Interactive,
Dog,Crates,Wicker,
Dog,Crates,Wicker,
Dog,Crates,Wicker,
Dog,Crates,Wicker,
Cat,Litter Boxes,Litter Box Covers,
Cat,Litter Boxes,Litter Box Covers,
Dog,Furniture,Steps,
Dog,Furniture,Steps,
Dog,Furniture,Ramps,
Dog,Furniture,Ramps,
Cat,Furniture,Scratching Posts,
Cat,Furniture,Perches,
Cat,Furniture,Perches,
Dog,Beds,Traditional Beds,
Dog,Beds,Traditional Beds,
Dog,Beds,Traditional Beds,
Dog,Beds,Traditional Beds,
Dog,Beds,Traditional Beds,
Dog,Beds,Traditional Beds,
Dog,Beds,Traditional Beds,
Dog,Beds,Traditional Beds,
Dog,Beds,Traditional Beds,
Dog,Wellness,Behavioral Aid,
Dog,Wellness,Behavioral Aid,
Dog,Wellness,Behavioral Aid,
Dog,Collars and Leashes,Harnesses,
Dog,Collars and Leashes,Harnesses,
Dog,Collars and Leashes,Harnesses,
Dog,Collars and Leashes,Harnesses,
Dog,Wellness,Behavioral Aid,
Dog,Wellness,Behavioral Aid,
Dog,Wellness,Behavioral Aid,
Dog,Wellness,Behavioral Aid,
Dog,Wellness,Behavioral Aid,
Dog,Beds,Traditional Beds,
Dog,Beds,Traditional Beds,
Dog,Beds,Traditional Beds,
Dog,Beds,Traditional Beds,
Dog,Beds,Traditional Beds,
Dog,Wellness,Behavioral Aid,
Dog,Wellness,Behavioral Aid,
Dog,Wellness,Behavioral Aid,
Dog,Wellness,Behavioral Aid,
Dog,Wellness,Behavioral Aid,
Dog,Wellness,Behavioral Aid,
Dog,Wellness,Behavioral Aid,
Dog,Wellness,Behavioral Aid,
Dog,Beds,Cooling Beds,
Dog,Beds,Cooling Beds,
Dog,Beds,Cooling Beds,
Dog,Sporting Dog,Beeper Collars,
Dog,Training,Accessories,
Dog,Training,Accessories,
Dog,Training,Accessories,
Dog,Training,Accessories,
Dog,Training,Accessories,
Dog,Training,Accessories,
Dog,Training,Accessories,
Dog,Training,Accessories,
Dog,Training,Accessories,
Dog,Training,Accessories,
Dog,Training,Accessories,
Dog,Training,Accessories,
Dog,Training,Accessories,
Dog,Training,Accessories,
Dog,Training,Accessories,
Dog,Training,Accessories,
Dog,Training,Accessories,
Dog,Training,Accessories,
Dog,Training,Accessories,
Dog,Training,Accessories,
Dog,Training,Accessories,
Dog,Training,Accessories,
Dog,Training,Accessories,
Dog,Training,Accessories,
Dog,Training,Accessories,
Dog,Training,Accessories,
Dog,Training,Accessories,
Dog,Training,Accessories,
Dog,Training,Accessories,
Dog,Training,Accessories,
Dog,Training,Accessories,
Dog,Training,Accessories,
Dog,Training,Accessories,
Dog,Training,Accessories,
Dog,Training,Accessories,
Dog,Training,Accessories,
Dog,Sporting Dog,Bird Launchers,
Dog,Sporting Dog,Bird Launchers,
Dog,Training,Accessories,
Dog,Training,Accessories,
Dog,Training,Accessories,
Dog,Bark Control,Static Bark Control,
Dog,Bark Control,Static Bark Control,
Dog,Bark Control,Static Bark Control,
Dog,Training,Static Remote Trainers,
Dog,Training,Static Remote Trainers,
Dog,Training,Static Remote Trainers,
Dog,Training,Static Remote Trainers,
Dog,Training,Static Remote Trainers,
Dog,Sporting Dog,Beeper Collars,
Dog,Training,Static Remote Trainers,
Dog,Training,Static Remote Trainers,
Dog,Training,Static Remote Trainer,
Dog,Training,Static Remote Trainers,
Dog,Training,Static Remote Trainers,
Dog,Training,Static Remote Trainers,
Dog,Training,Static Remote Trainers,
Dog,Sporting Dog,Bird Launchers,
Dog,Sporting Dog,Beeper Collars,
Dog,Sporting Dog,Bird Launchers,
Dog,Sporting Dog,Bird Launchers,
Dog,Sporting Dog,Bird Launchers,
Dog,Sporting Dog,Bird Launchers,
Dog,Containment Systemss,In-Ground Fences,
Dog,Containment Systemss,In-Ground Fences,
Dog,Containment Systemss,In-Ground Fences,
Dog,Containment Systemss,In-Ground Fences,
Dog,Containment Systemss,In-Ground Fences,
Dog,Containment Systemss,In-Ground Fences,
Dog,Containment Systemss,In-Ground Fences,
Dog,Containment Systemss,In-Ground Fences,
Dog,Containment Systemss,Accessories,
Dog,Sporting Dog,Beeper Collars,
Dog,Sporting Dog,Beeper Collars,
Dog,Sporting Dog,Beeper Collars,
Dog,Sporting Dog,Beeper Collars,
Dog,Sporting Dog,Beeper Collars,
Dog,Training,Accessories,
Dog,Sporting Dog,Beeper Collars,
Dog,Training,Accessories,
Dog,Training,Accessories,
Dog,Training,Accessories,
Dog,Training,Accessories,
Dog,Training,Accessories,
Dog,Training,Accessories,
Dog,Training,Accessories,
Dog,Training,Accessories,
Dog,Training,Accessories,
Dog,Training,Accessories,
Dog,Containment Systemss,Accessories,
Dog,Training,Accessories,
Dog,Training,Accessories,
Dog,Training,Accessories,
Dog,Training,Accessories,
Dog,Training,Accessories,
Dog,Training,Accessories,
Dog,Training,Accessories,
Dog,Sporting Dog,Tracking,
Dog,Sporting Dog,Tracking,
Dog,Sporting Dog,Tracking,
Dog,Sporting Dog,Tracking,
Dog,Sporting Dog,Tracking,
Dog,Sporting Dog,Tracking,
Dog,Sporting Dog,Tracking,
Dog,Sporting Dog,Tracking,
Dog,Sporting Dog,Tracking,
Dog,Sporting Dog,Tracking,
Dog,Sporting Dog,Tracking,
Dog,Sporting Dog,Tracking,
Dog,Treats and Bones,Treats,
Dog,Treats and Bones,Treats,
Dog,Treats and Bones,Treats,
Dog,Treats and Bones,Treats,
Dog,Treats and Bones,Treats,
Dog,Treats and Bones,Treats,
Dog,Treats and Bones,Treats,
Dog,Treats and Bones,Treats,
Dog,Treats and Bones,Treats,
Dog,Treats and Bones,Treats,
Dog,Treats and Bones,Treats,
Dog,Treats and Bones,Treats,
Dog,Treats and Bones,Treats,
Dog,Treats and Bones,Treats,
Dog,Treats and Bones,Treats,
Dog,Treats and Bones,Treats,
Dog,Treats and Bones,Treats,
Dog,Treats and Bones,Treats,
Dog,Treats and Bones,Treats,
Dog,Treats and Bones,Treats,
Dog,Treats and Bones,Treats,
Dog,Treats and Bones,Treats,
Dog,Treats and Bones,Treats,
Dog,Treats and Bones,Treats,
Dog,Treats and Bones,Treats,
Dog,Treats and Bones,Treats,
Dog,Training,Clickers,
Dog,Treats and Bones,Treats,
Dog,Treats and Bones,Treats,
Dog,Treats and Bones,Treats,
Dog,Toys,Interactive,
Dog,Toys,Interactive,
Dog,Toys,Interactive,
Dog,Toys,Interactive,
Dog,Toys,Interactive,
Dog,Toys,Interactive,
Dog,Toys,Interactive,
Dog,Training,Books and DVDs,
Dog,Training,Books and DVDs,
Dog,Training,Accessories,
Dog,Training,Accessories,
Dog,Training,Accessories,
Dog,Treats and Bones,Treats,
Dog,Food,Freeze Dried Food,
Dog,Food,Freeze Dried Food,
Dog,Wellness,Daily Supplements,
Dog,Treats and Bones,Treats,
Dog,Wellness,Dental Care,
Dog,Wellness,Daily Supplements,
Dog,Wellness,Daily Supplements,
Dog,Wellness,Ear Car,
Dog,Food,Freeze Dried Food,
Dog,Food,Freeze Dried Food,
Dog,Treats and Bones,Treats,
Dog,Food,Freeze Dried Food,
Dog,Treats and Bones,Treats,
Dog,Treats and Bones,Treats,
Dog,Wellness,Dental Care,
Dog,Wellness,Daily Supplements,
Dog,Wellness,Daily Supplements,
Dog,Wellness,Dental Care,
Dog,Wellness,Dental Care,
Dog,Wellness,Dental Care,
Dog,Feeding and Watering,Automatic Feeding and Watering,
Dog,Feeding and Watering,Bowls,
Small Pet,Toys,Interactive,
Dog,Collars and Leashes,Collars,
Dog,Collars and Leashes,Collars,
Dog,Collars and Leashes,Collars,
Dog,Collars and Leashes,Collars,
Dog,Collars and Leashes,Collars,
Dog,Collars and Leashes,Collars,
Dog,Collars and Leashes,Collars,
Dog,Collars and Leashes,Collars,
Dog,Collars and Leashes,Collars,
Dog,Grooming,Clippers,
Dog,Grooming,Clippers,
Dog,Grooming,Clippers,
Dog,Grooming,Clippers,
Dog,Grooming,Clippers,
Dog,Grooming,Clippers,
Dog,Grooming,Clippers,
Dog,Grooming,Clippers,
Dog,Grooming,Clippers,
Dog,Grooming,Clippers,
Dog,Grooming,Clippers,
Dog,Grooming,Brushes,
Dog,Grooming,Clippers,
Dog,Grooming,Clippers,
Dog,Grooming,Clippers,
Dog,Grooming,Clippers,
Dog,Grooming,Clippers,
Dog,Grooming,Clippers,
Dog,Grooming,Clippers,
Dog,Grooming,Clippers,
Dog,Grooming,Clippers,
Dog,Grooming,Clippers,
Dog,Grooming,Clippers,
Dog,Grooming,Clippers,
Dog,Collars and Leashes,Leashes,
Dog,Collars and Leashes,Leashes,
Dog,Collars and Leashes,Leashes,
Dog,Collars and Leashes,Leashes,
Dog,Collars and Leashes,Leashes,
Dog,Collars and Leashes,Collars,
Dog,Collars and Leashes,Collars,
Dog,Collars and Leashes,Collars,
Dog,Collars and Leashes,Collars,
Dog,Collars and Leashes,Collars,
Dog,Collars and Leashes,Collars,
Dog,Collars and Leashes,Collars,
Dog,Collars and Leashes,Collars,
Dog,Collars and Leashes,Collars,
Dog,Collars and Leashes,Collars,
Dog,Collars and Leashes,Collars,
Dog,Collars and Leashes,Collars,
Dog,Collars and Leashes,Collars,
Dog,Collars and Leashes,Collars,
Dog,Collars and Leashes,Collars,
Dog,Collars and Leashes,Collars,
Dog,Collars and Leashes,Collars,
Dog,Collars and Leashes,Collars,
Dog,Collars and Leashes,Collars,
Dog,Collars and Leashes,Collars,
Dog,Collars and Leashes,Collars,
Dog,Collars and Leashes,Leashes,
Dog,Collars and Leashes,Leashes,
Dog,Collars and Leashes,Leashes,
Dog,Collars and Leashes,Leashes,
Dog,Collars and Leashes,Leashes,
Dog,Wellness,Shoes,
Dog,Wellness,Shoes,
Dog,Wellness,Shoes,
Dog,Wellness,Shoes,
Dog,Wellness,Shoes,
Dog,Wellness,Shoes,
Dog,Wellness,Shoes,
Dog,Wellness,Shoes,
Dog,Wellness,Shoes,
Dog,Wellness,Shoes,
Dog,Wellness,Shoes,
Dog,Wellness,Shoes,
Dog,Wellness,Shoes,
Dog,Wellness,Shoes,
Dog,Wellness,Shoes,
Dog,Wellness,Shoes,
Dog,Wellness,Shoes,
Dog,Wellness,Shoes,
Dog,Wellness,Shoes,
Dog,Wellness,Shoes,
Dog,Wellness,Shoes,
Dog,Wellness,Shoes,
Dog,Wellness,Shoes,
Dog,Wellness,Shoes,
Dog,Wellness,Shoes,
Dog,Wellness,Shoes,
Dog,Wellness,Shoes,
Dog,Wellness,Shoes,
Dog,Wellness,Shoes,
Dog,Wellness,Shoes,
Dog,Wellness,Shoes,
Dog,Wellness,Shoes,
Dog,Wellness,Shoes,
Dog,Wellness,Shoes,
Dog,Wellness,Shoes,
Dog,Wellness,Shoes,
Dog,Wellness,Shoes,
Dog,Wellness,Shoes,
Dog,Wellness,Shoes,
Dog,Wellness,Shoes,
Dog,Wellness,Shoes,
Dog,Wellness,Shoes,
Dog,Wellness,Shoes,
Dog,Wellness,Shoes,
Dog,Wellness,Shoes,
Dog,Wellness,Shoes,
Dog,Wellness,Shoes,
Dog,Wellness,Shoes,
Dog,Wellness,Shoes,
Dog,Wellness,Shoes,
Dog,Wellness,Shoes,
Dog,Wellness,Shoes,
Dog,Wellness,Shoes,
Dog,Wellness,Shoes,
Dog,Wellness,Shoes,
Dog,Wellness,Shoes,
Dog,Wellness,Shoes,
Dog,Wellness,Shoes,
Dog,Wellness,Shoes,
Dog,Wellness,Shoes,
Dog,Wellness,Shoes,
Dog,Wellness,Shoes,
Dog,Wellness,Shoes,
Dog,Wellness,Shoes,
Dog,Wellness,Shoes,
Dog,Treats and Bones,Treats,
Dog,Treats and Bones,Treats,
Dog,Treats and Bones,Treats,
Dog,Treats and Bones,Treats,
Dog,Treats and Bones,Treats,
Dog,Treats and Bones,Treats,
Dog,Treats and Bones,Treats,
Dog,Treats and Bones,Treats,
Dog,Treats and Bones,Treats,
Dog,Treats and Bones,Treats,
Dog,Treats and Bones,Treats,
Dog,Treats and Bones,Treats,
Dog,Treats and Bones,Treats,
Dog,Treats and Bones,Treats,
Dog,Treats and Bones,Treats,
Dog,Treats and Bones,Treats,
Dog,Treats and Bones,Treats,
Dog,Treats and Bones,Treats,
Dog,Treats and Bones,Treats,
Dog,Treats and Bones,Treats,
Dog,Treats and Bones,Treats,
Dog,Treats and Bones,Treats,
Dog,Treats and Bones,Treats,
Dog,Treats and Bones,Treats,
Dog,Treats and Bones,Treats,
Dog,Treats and Bones,Treats,
Dog,Treats and Bones,Treats,
Dog,Treats and Bones,Treats,
Dog,Treats and Bones,Treats,
Dog,Treats and Bones,Treats,
Dog,Treats and Bones,Treats,
Dog,Treats and Bones,Treats,
Dog,Treats and Bones,Treats,
Dog,Treats and Bones,Treats,
Dog,Treats and Bones,Treats,
Dog,Treats and Bones,Treats,
Dog,Treats and Bones,Treats,
Dog,Treats and Bones,Treats,
Dog,Treats and Bones,Treats,
Dog,Treats and Bones,Treats,
Dog,Treats and Bones,Treats,
Dog,Treats and Bones,Treats,
Dog,Treats and Bones,Treats,
Dog,Treats and Bones,Treats,
Dog,Treats and Bones,Treats,
Dog,Treats and Bones,Treats,
Dog,Treats and Bones,Treats,
Dog,Treats and Bones,Treats,
Dog,Treats and Bones,Treats,
Dog,Treats and Bones,Treats,
Dog,Treats and Bones,Treats,
Dog,Treats and Bones,Treats,
Dog,Treats and Bones,Treats,
Dog,Treats and Bones,Treats,
Dog,Treats and Bones,Treats,
Dog,Treats and Bones,Treats,
Dog,Treats and Bones,Treats,
Dog,Treats and Bones,Treats,
Dog,Treats and Bones,Treats,
Dog,Treats and Bones,Treats,
Dog,Treats and Bones,Treats,
Dog,Treats and Bones,Treats,
Dog,Treats and Bones,Treats,
Dog,Treats and Bones,Treats,
Dog,Treats and Bones,Treats,
Dog,Treats and Bones,Treats,
Cat,Treats,Treats,
Cat,Treats,Treats,
Cat,Treats,Treats,
Cat,Treats,Treats,
Cat,Treats,Treats,
